1,8,1.5,4.5,2,0,0,4,4,3.5,3,0,0,0,0,0,0
2,15,3.185714286,3.4,1,0,5,1.2,4.8,4.8,4.8,2,2,3.4,3.8,4.8,3.6
3,20,2.7,3.8,1.8,3.8,4,3.4,1.2,2.4,4.2,2.2,0.2,1.8,4.4,0.2,4.4
4,16,3.057142857,2.8,1.8,4.8,3.6,4.4,3.4,2.8,4.6,3.4,3.2,1.2,2.6,2.6,1.6
5,20,2.671428571,4,1.4,2.6,3.6,2.4,2.6,2,5,1.4,1.2,1,0.8,4.6,4.8
6,10,2.342857143,2.4,2,0.2,3.2,3.4,2.4,2.4,4,4.6,0.6,1.2,1,4,1.4
7,6,2.128571429,4.8,4,2.8,1.2,2.8,2.2,0.4,2,1,1.8,2.4,3.8,0.4,0.2
8,13,2.414285714,3,3,4,1.4,2.6,2,3.2,0.6,3.8,1,4.4,2.6,0.8,1.4
9,12,2.185714286,4,2.6,0.6,0.4,1.4,1.4,2,4.2,3.6,3.6,0.2,0.8,4.2,1.6
10,5,1.757142857,5,0,2.8,1.2,1.2,0.2,2.8,1.4,1.4,1.4,1,2.6,2.4,1.2
11,8,2.9,1.2,1.6,2.6,1.8,0,5,4.2,3.4,4,5,4,1.4,3.8,2.6
12,9,2.428571429,4.4,4,0.4,2.6,4.2,0.8,4.4,0.4,4.4,0.4,3.2,0.2,0,4.6
13,5,2.328571429,2.2,2.2,2.4,2.8,3.2,0,1,1.2,3,4.6,0.2,4.8,4.6,0.4
14,17,1.971428571,4,3.6,1.6,0.6,1.6,1.4,4.8,0.4,0.6,4.4,0.4,4,0.2,0
15,13,2.528571429,3.8,0.4,1.4,2.8,2.2,2.6,5,3,1.4,2.4,4.6,0.8,0.4,4.6
16,5,3.114285714,3.8,1.8,4.6,2,1.8,3,2.4,4.2,4.4,3,4.4,4.2,4,0
17,15,2.571428571,1.8,2,1,0,4.4,4.4,1,2.6,2,3,5,3.6,4,1.2
18,17,2.257142857,3.8,1,5,1.4,4.4,4.2,0,2,0.8,3.4,3.2,0,1.4,1
19,20,2.528571429,3.8,2.8,4.4,1.8,3.4,1,1.6,3.8,4.2,1.4,0,3.8,0.8,2.6
20,16,2.957142857,3.6,4.8,1.8,1.8,5,5,2,2.6,4.6,2,0,1.6,2.8,3.8
21,8,2.957142857,2.4,1.8,1,3.4,5,1,4.2,2.8,4.6,1,4.8,2.4,2.4,4.6
22,14,2.271428571,4.2,0.8,0.6,3.4,0.8,0.4,3.8,4.4,2.4,1.8,2.8,2.8,0.6,3
23,11,2.171428571,0.4,3.6,1.6,4.2,1.8,2,1.6,1.4,0,3.4,2.8,0.4,4.8,2.4
24,16,2.457142857,0.8,0.8,1.2,1.2,4,3.2,4.8,5,1.8,3,3.2,1.8,0.4,3.2
25,15,2.885714286,2,2.6,2.8,4.4,1.2,0.4,1.6,4.8,1.4,4.8,4.2,3.2,3.8,3.2
26,15,2.342857143,2.6,3,3.2,1.8,4,4.4,0,0,0.4,1.6,0.4,4.4,2,5
27,15,3.514285714,3.8,3.2,3.4,1.4,3.4,1.8,4.6,4.6,4.8,5,2.4,5,3,2.8
28,10,2.4,0,0.8,2.4,1,4.8,1,1.2,3.6,1.2,2.8,5,4.6,0.2,5
29,6,3.114285714,2.8,3,1.8,2.8,1.8,4.8,2.4,3.2,4,3.6,4,1.6,4,3.8
30,6,2.714285714,4,5,0.8,1,0.6,4.8,3.8,4,5,2,0.8,2.6,1.6,2
31,15,2.971428571,5,0,3.8,2,2.4,4.8,2.4,3.4,4.6,2.4,2.6,0.4,2.8,5
32,7,2.285714286,5,0.2,1,4.2,0.2,0,3.2,3.4,2.8,0.6,4.6,0,4.4,2.4
33,19,2.271428571,1.6,2.8,0.6,4.8,1.6,3.2,2.8,2,4.4,0,1.8,0,1.6,4.6
34,20,2.185714286,1.4,1,4,0.8,1.8,0.2,0.8,2.2,3.4,4.2,3,2.8,4.8,0.2
35,20,2.214285714,0.6,2,4.4,0.8,3,1,2.6,4.8,0.4,4,3.4,1.4,1.4,1.2
36,11,2.357142857,0,2.4,3,0,2.8,4.2,1.6,1,1.8,3.6,5,2.6,4,1
37,8,1.985714286,0.6,3.2,2.6,5,0.2,0.4,2.4,2.6,4.2,2.4,0.6,1.6,1.2,0.8
38,6,2.457142857,1.4,2.8,4.2,2.2,3.8,5,0.6,0,2.6,0.2,4.2,3.6,3.8,0
39,5,2.071428571,3.6,1.8,1.2,4.6,1.2,3.4,0.8,3.2,1.8,0.6,1.6,1.2,0.8,3.2
40,7,2.4,0.4,5,1.6,2.6,4.6,1,1.4,0.2,4.6,2.2,3.4,2.4,0.4,3.8
41,8,3.157142857,4.8,5,0.2,3.8,5,0.8,4.6,1.8,0.6,3,5,4.6,3.2,1.8
42,13,3.157142857,3,4.6,2,4.6,2.2,3.6,4.2,3.8,3.8,5,1.4,4.2,0.8,1
43,11,2.757142857,3.6,4,4.4,0,2.6,1.6,2,5,1.6,1.8,3.6,2.2,1.4,4.8
44,20,2.757142857,3,4.6,4.2,4.2,4.6,2.4,4,4.2,3.4,1.4,2.4,0,0.2,0
45,20,1.8,3.6,1,0,2,5,4.6,0,2.8,1,0.8,0.8,0.8,0.8,2
46,6,3.214285714,3.8,4.2,4.8,0.4,5,4.8,3.8,2,2.8,3.2,3,4.2,1.8,1.2
47,20,2.328571429,1.4,4.6,0.4,0.4,2.8,0,0,1.6,2.8,2.4,5,2.8,4.6,3.8
48,9,2.885714286,5,4.2,3.4,2.6,3.4,2.4,4,3,5,0.2,2.4,4.2,0.2,0.4
49,5,2.628571429,4.6,3.6,0,2.8,0,2.4,4.4,2.2,4.8,1.8,4.2,0.8,1.8,3.4
50,11,3.085714286,2.2,3.4,3.2,1.8,3.8,4.6,2,4.2,1.6,4.2,3.2,3.8,5,0.2
51,13,3.314285714,4.2,4,0.2,3.8,4.8,5,4.6,3.6,3.2,0.6,4.6,4.6,0.4,2.8
52,7,2.185714286,5,0,5,1.8,0,3.4,3.4,2.6,2,0.4,3.8,1.6,1.4,0.2
53,7,2.457142857,3.6,1.8,1.6,1,3.4,1.8,1.6,4,0,4.6,2.8,2.8,3,2.4
54,10,3.314285714,3,1.6,2.6,5,5,2,3.8,5,3.4,4.2,2,1.8,5,2
55,18,2.471428571,3.6,2,1.8,0.4,1.2,0.6,1.8,4.6,5,2.2,1.4,3.6,1.8,4.6
56,7,3.128571429,3.2,5,4,4.6,0.8,4.2,3.2,2.4,0.6,1.2,1.8,3.6,4.8,4.4
57,16,2.614285714,2.6,1.4,2.6,2.2,2.6,3.6,1.2,4.2,1.4,3.8,0.2,4,4.2,2.6
58,5,2.528571429,3,4.4,0,3.8,0,0.2,4.2,2.6,0,1,4.8,4.8,5,1.6
59,11,3.271428571,1.6,4.6,2.8,4.8,2.4,0.4,3.4,5,4.6,5,0,4.6,4.2,2.4
60,9,3.042857143,1.2,4.8,4.2,2.8,4.2,0.2,4,2.8,2.6,1.4,4.4,4.6,4.8,0.6
61,8,2.714285714,1.2,3.2,0.4,3.4,0,4.6,2.6,0.2,2.8,4.2,4.2,3.2,4,4
62,14,2.4,3.2,3.2,4.2,1.4,2.4,0,0.6,2.6,0.2,2.8,2.8,4.4,1.6,4.2
63,9,2.514285714,0.8,0.8,3,3.4,4,0.4,0.6,1.6,4,4.4,0,4.6,4.2,3.4
64,13,2.328571429,3.8,0.4,2,3,2.4,1.4,4.8,2,3.4,1.4,1.6,1.4,0,5
65,17,2.014285714,0.6,3.8,0.4,0.2,1.8,0.8,1.8,2.8,2.6,1.4,3.2,0.8,5,3
66,5,2.528571429,3.8,0,1.6,3.6,0.8,3.4,0.2,3.2,3.6,4.4,3.8,3.6,1.8,1.6
67,17,2.1,4.2,4.2,3.8,1.2,1.6,3,0.2,0,0,2.2,2.2,3.6,1.8,1.4
68,10,2.214285714,2.8,1.2,0,0,0.8,0.6,4.8,2.2,0.8,1.6,3,4.8,3.6,4.8
69,10,2.414285714,2,0.4,2,2.2,3.4,4.2,2.6,0.6,2.2,2.6,4.6,1.8,4.6,0.6
70,15,2.057142857,0.4,3.4,0.8,1,1.4,2.8,3.2,2.6,2.6,1.4,2.6,3,2,1.6
71,18,2.385714286,5,3.4,0.4,5,1,1.4,0.6,0.8,1.4,4,2.8,2.8,4.8,0
72,13,2.985714286,1.2,5,3.6,2.2,2.2,3.6,2.4,4.8,3.6,0.4,3.2,0.8,4,4.8
73,14,2.971428571,4.8,0.4,4.6,0.6,2,3.2,3,1.6,3.6,3.8,2.2,5,2,4.8
74,19,1.871428571,0.6,3.6,0.6,0.2,4.4,2.6,2.6,0.6,1.2,0.2,1,0.6,3.2,4.8
75,18,2.657142857,2.8,5,0.6,0.8,1.6,4.6,1,3.2,2.2,1.6,4.4,4.4,4.4,0.6
76,10,2.3,0.2,2,5,4.8,1.8,3.8,2.6,0.6,1.2,1.6,3.6,3.2,1.2,0.6
77,10,2.842857143,4,5,0.2,3.8,2.4,0.8,2.4,1.6,3,3.8,3.8,1.6,4.4,3
78,10,2.385714286,1.6,2.8,5,0.8,1.4,3.6,1.8,2,3,3.6,1.2,2.6,0,4
79,13,2.028571429,0,2.4,1.2,3.8,0.8,3.2,4.6,3,2.2,0.2,3,1.8,2,0.2
80,17,2.657142857,3.6,3.6,1.8,0.4,4.2,2,4,0.4,2.4,0.6,2.6,4.6,3.4,3.6
81,10,2.528571429,0.6,4,4,4.4,3.2,1.8,1.4,2.8,1.6,2.8,4,1,0.4,3.4
82,15,2.642857143,1.6,2.2,3.8,0.4,1.8,3.4,1.8,4.2,1.8,1,4.2,4.8,2.2,3.8
83,7,2.628571429,1.6,2.6,2.2,4.2,0.4,2.6,0.2,1.8,4.2,2.4,4,2.4,4.2,4
84,8,2.357142857,3.4,3.6,2.6,0.6,0.4,2.8,2.4,5,0.6,1.4,2.2,1.6,3.4,3
85,12,2.757142857,1.2,2.8,5,0.8,4,4,0.4,4.2,2.2,4.6,0.6,4.4,2.4,2
86,7,2.714285714,1,2,0.4,4.4,0.2,3.6,5,2.4,3.6,3,4.2,1.6,4.8,1.8
87,16,2.371428571,3,3.2,2.2,1.6,0,4.2,4.4,3.2,3.4,3,1.6,0.2,1.8,1.4
88,14,1.971428571,1.2,2.2,4.2,1.8,0,1.6,2.2,0.2,1.8,3.4,0.8,5,0.6,2.6
89,15,2.328571429,0.2,0.6,4,4.6,0,1.6,5,3,1.4,0.4,4.6,1.4,3.6,2.2
90,10,2.871428571,2.2,2.2,1.6,4.8,4.8,2.2,4.2,2.4,2.2,0.4,4,4.2,0.6,4.4
91,20,2.357142857,3.8,3.8,1.8,0.8,4.6,2.4,3,2.8,1.4,1.8,0.8,2.8,3,0.2
92,17,2.128571429,1.4,2.4,3.8,3.4,2,5,2.4,1.2,0.4,2.2,0.2,1.8,1.6,2
93,7,2.528571429,2.2,2.4,0,0.6,4.2,0.2,3.2,1.4,3.8,2,4,4.8,1.6,5
94,5,2.185714286,0.2,3.4,1.4,1.2,4,0,4,1.2,2.8,2.2,1.4,5,3.8,0
95,5,2.014285714,1.8,1,0.2,4.4,2.6,4.6,0.6,0.2,4.2,1,1.8,0.4,4.4,1
96,7,2.914285714,2,4.2,1.2,3.6,4.2,1.8,1.2,4.8,2.6,3.2,4.2,3.8,2,2
97,16,2.985714286,3.4,3.2,4.2,0,4.6,3.2,4.2,4.4,3.8,1,3,1.2,1.8,3.8
98,11,1.5,3.2,3.6,0,0.6,2.8,0.6,1.2,1.4,0.2,4.8,0,1.2,0.4,1
99,14,2.6,5,4,3.6,4.8,0,1.4,1.8,3.2,4.8,0,0.2,2.6,2.4,2.6
100,20,2.757142857,4.4,3.8,2,0.6,4.4,5,0.2,0.6,4.2,3.6,0.6,2.2,2,5
101,10,2.242857143,0,0.2,2,2.2,0,2,1.4,3.8,4.8,4,2.4,3.8,0,4.8
102,15,2.242857143,2.8,3.4,4.2,0,0.2,1,4.2,2.2,1.8,4.6,0.6,0.4,1.2,4.8
103,9,2.842857143,3.8,0,3.2,1.2,3.4,2.6,4.8,0,3.8,2.4,4.4,3.4,3.8,3
104,20,2.6,2.4,1,4.2,0.8,5,3.8,5,4,4.4,0.2,1,3.8,0.8,0
105,17,1.857142857,0.6,1.8,0.8,0.8,2.8,0.4,2.4,0.8,3,5,2,0.8,1.2,3.6
106,14,2.557142857,2.2,1.4,3,0.6,2.8,2.8,4.6,3,1.6,3.8,2.6,3,4,0.4
107,6,2.285714286,1.8,1.2,3,1.2,2.4,4.4,2.2,0.2,1.4,3.6,3.2,3,3.6,0.8
108,6,2.357142857,4.4,0.2,0.4,0,0.2,3.8,0.2,4,2.2,4.8,4.2,1,3.2,4.4
109,19,2.814285714,1.2,3.8,3,2.2,0.6,1.8,0,4,4.8,5,4.8,4.2,3.6,0.4
110,20,2.142857143,1.4,1.2,3.6,1.6,1.8,1.6,1.8,1,1,2.8,3,4.8,0.6,3.8
111,8,2.114285714,4.4,4.2,2,0.6,4.2,1.4,0.6,0.8,0.4,3.8,0,0.2,2.2,4.8
112,12,1.871428571,2.4,0.6,1.4,5,0.2,3,0.8,0.4,0.8,0.6,1.6,1.6,3.8,4
113,10,3.271428571,3.8,4,4.8,3.2,3.4,4.8,4.4,3,3.4,0.2,4.4,1.2,2.4,2.8
114,19,3.271428571,4.6,4.8,4.2,3.4,4.8,3.6,3,5,0.8,1.2,3.8,1.6,2.4,2.6
115,14,2.7,2.4,4.6,2.8,4.6,1,3.6,2,0.6,1,0.8,3,2.6,5,3.8
116,11,2.1,2,3.6,3.6,2,3.8,2,0.2,3.6,0.8,1.8,0.8,1,1.2,3
117,14,2.014285714,1.2,1.8,1.2,2,2.6,1.2,2.4,0.6,4,4.2,2.6,0.6,1,2.8
118,19,2.085714286,4.2,2,0.6,0.4,4.2,2.8,1.2,2.4,0.4,1,2.8,0.2,3,4
119,19,2.5,2.8,0.6,4.6,0.4,2.8,0.8,2.8,3,5,2,0,4.6,3.6,2
120,7,1.928571429,1.4,3.8,0.4,3.8,1.8,4.4,1.6,4,0.4,1,3.2,0.6,0.2,0.4
121,20,3.171428571,4.6,3.4,2.4,3,5,4.2,2,2.4,4.4,4.4,3.6,1.6,1.2,2.2
122,7,2.342857143,3.2,2.6,1.8,3.6,3.4,1.4,1.2,3.6,2.2,1.2,5,0.8,2.8,0
123,8,2.471428571,2.4,4,3.6,0.8,1.4,2,4.4,1,1.2,4.6,2.8,0.2,2.2,4
124,9,3,4.4,0.2,1.2,4.4,3.8,3,4.6,0.6,3.2,4.6,1.6,2.8,3.8,3.8
125,14,2.8,1.8,2.2,4.4,2.8,0.2,2.4,4.8,5,3,4.2,0,0.4,3.4,4.6
126,5,2.642857143,4.4,2.6,4.8,5,3.6,0.4,3.8,0.6,1,3.8,1.8,2,0.8,2.4
127,5,2.728571429,4,3.8,0.4,4.2,4.6,0,3.4,5,0,4.4,1.2,4.6,2.2,0.4
128,12,2.714285714,4.4,0.8,0.6,2.2,3.2,3.6,3,4.8,3,3.6,0.4,3.6,3.2,1.6
129,7,2.485714286,1,1,3,2.6,5,3.8,3,1.8,0.2,4.6,0.2,2.4,4.4,1.8
130,11,2.9,4,0.2,3.2,5,2.4,5,3.6,1,1.8,0.8,4.6,4.8,2.6,1.6
131,10,3.042857143,0.6,4.8,2.2,4.2,4.6,0.2,2.2,3.2,2.4,3.8,3,3.6,3.8,4
132,5,3.028571429,4,3.2,2.6,2.2,3,2,4.4,4.6,4.2,1.2,1,3.8,4.6,1.6
133,19,2.185714286,3.2,3.2,1,4.6,2.2,3.6,2,0.4,4.2,1.6,1.8,0.6,0.4,1.8
134,16,2.471428571,1.4,0,1.8,1.2,4.2,5,5,1.8,1,2.2,4.8,1.2,4,1
135,16,2.185714286,4.2,1.4,3.6,1,0.2,1,4.2,4.6,4.2,4.2,0.8,0.8,0.2,0.2
136,20,2.685714286,4,3,2.4,1,2.4,4.8,4.8,2.2,0,3.4,3.6,3,1,2
137,17,2.642857143,4.8,1,1,1.6,3.2,4.6,4.6,3.8,1.4,2,0.6,2.4,3.2,2.8
138,16,2.5,4,0.2,1.2,3.6,4.6,2,2.2,1,2.4,4.6,1,2.8,5,0.4
139,15,2.542857143,3.6,2.8,0.6,3.8,3,2.8,4.8,2.6,0.2,0.8,2.6,3,3,2
140,11,2.728571429,4.4,2,3.8,2.2,3.2,3.4,0,4.2,2.6,0.6,4.6,3.4,3.2,0.6
141,6,1.757142857,2.2,2.6,0,0,2.8,1.6,4.2,0.8,0.4,2.4,2.2,4.6,0.2,0.6
142,5,2.171428571,3.6,1.8,2,2,4,0.6,1.4,1.8,2.4,0.4,4,3,0.4,3
143,16,2.628571429,1.6,5,0.2,1.8,3.4,3.6,2.4,1.6,0.8,5,3.6,2.4,2,3.4
144,19,2.557142857,4.4,2.2,1.6,3,2.8,1.4,4.6,4.4,0,0.6,4.8,2.4,2,1.6
145,9,2.785714286,2.8,4,1,1.4,3.6,4.6,0.6,2.2,2.8,3.6,4.8,3.6,1.4,2.6
146,18,2.785714286,4.4,1.6,5,4.6,4.6,1.4,1.6,1,3.4,1.6,1.4,3.2,4.6,0.6
147,7,2.728571429,4.6,4.6,0.8,3.4,2.8,2,1.4,3.4,0.4,2.8,1.8,1.2,4.6,4.4
148,6,1.942857143,0.8,2.2,0.2,2.4,5,0.8,0.6,3.8,0.8,0.4,4,4.2,1.8,0.2
149,14,2.657142857,4.2,4.6,3,3.6,0.6,0.4,2.4,4.6,1.8,1.6,2.8,4,1.4,2.2
150,5,2.814285714,4.4,4.4,1.8,0.4,1,1.4,3.4,4.4,2.4,3.2,3.4,4.6,1.8,2.8
151,16,2.5,1.2,4.4,0.4,4,1.6,1,4.6,1.2,3.6,1.2,4.4,0.4,2.6,4.4
152,10,2.271428571,1.6,4.4,0.4,0.6,1.4,4,3.6,0.6,3.4,3.4,5,1.8,1.2,0.4
153,11,2.342857143,1.2,4.4,2,4.8,2.4,3,1.8,1.6,1.2,1.2,2.8,1.4,2.4,2.6
154,5,2.457142857,2.2,3.8,3.2,0.6,2.6,2.8,3.6,2.8,1.4,3.6,0,3.4,1.6,2.8
155,13,2.542857143,1.6,3.6,3.8,0.4,0.2,4.2,3.2,2,2.2,2,1.4,4,4.2,2.8
156,5,3.257142857,5,3.4,4.8,3,0.4,4.6,3,4.6,2.6,2.6,2.8,3.4,4,1.4
157,16,2.2,4.2,1.6,0.4,0.2,2.6,3.2,3.2,1.2,0.8,4.2,1.6,1.2,4,2.4
158,12,2.385714286,3.8,3.4,2.6,0.4,2.6,3,3.6,3.4,1.4,2.8,1.2,3.2,2,0
159,5,3.057142857,4.4,1.4,1,4.6,4.2,5,4.6,0.2,0.6,4.8,1.8,2,3.2,5
160,13,2.057142857,2.6,0.6,0.2,1.4,3.6,1.6,3.4,0,3.6,1.8,2.4,3.2,0.8,3.6
161,11,2.557142857,0.2,2.8,1.4,0.8,4.2,4.4,1.4,2.8,3.8,5,3.2,0.8,0,5
162,9,3.1,2.8,3.6,2.6,4.2,2,4.4,3.8,4.4,3.6,4.6,4.6,0,0.8,2
163,17,2.528571429,1.2,3,4.6,2.6,3,0.4,1.4,3.2,0.6,4.6,3.2,2.6,4.4,0.6
164,9,2.857142857,0.4,3.2,3.6,1.6,4.4,2.2,3.6,4.6,1.6,4.6,0.6,2.4,3,4.2
165,13,2.642857143,5,4.4,3,3.6,1,3.4,0.6,2.8,1.8,1.4,4.8,4,0.6,0.6
166,12,2.357142857,0.6,4,0.2,0.2,0,1.4,1,4.2,1,3.8,4.8,5,2,4.8
167,12,2.385714286,4.4,3,1,0.2,0.6,4.6,1.6,4.6,1,2.8,3.2,3.4,0.8,2.2
168,12,2.828571429,4.6,4.6,2.8,2.8,0,4.2,2.2,4.2,4.8,0.8,2.8,0,4.6,1.2
169,11,2.457142857,1.8,3,4.6,2.2,1.6,3.6,2.2,1.6,3.2,3.8,0.4,2.4,0.2,3.8
170,6,2.385714286,0.6,0.4,4.4,3.6,1.4,4.4,3.2,1.6,1.4,2.4,3.8,1.8,2.2,2.2
171,13,2.614285714,0.8,5,1.4,2,0.4,1.4,4.8,3,3.2,1.8,4.2,4.2,3.4,1
172,19,2.885714286,4.6,2.4,1.8,4,4,1,0.2,3.8,2.2,3.6,2.2,4.6,1.4,4.6
173,14,2.885714286,0.4,4.8,4,4.8,2.8,4.2,2.8,1,4.8,3.8,2.6,3.4,0,1
174,10,2.8,3.2,1.4,2.6,4.6,1.4,2.2,2.6,2,1.6,3.2,2.6,2.2,5,4.6
175,11,1.8,3.6,1,0.6,3.6,3.4,0.6,0.8,0.8,1.6,1.4,1,1.6,3.8,1.4
176,10,2.028571429,0.8,0,2.4,1.6,4.2,3,1.8,1,4,2.8,1.6,3.6,0.8,0.8
177,19,3,3,3,4.8,1.2,4.4,2.6,3.6,1.2,3.4,4.8,3.6,3.6,0.4,2.4
178,16,2.514285714,2.8,4.4,1.8,2.2,3.6,1,3,2.4,2.2,2.4,0.8,3.2,3.8,1.6
179,10,2.371428571,3,1.8,2.2,0.4,4.4,3.6,4.2,2.2,3,0.2,3.8,3,0.8,0.6
180,14,2.271428571,0.4,0.2,0.8,4.2,1.4,1.6,4.2,4.4,5,4.6,2,1.6,0.2,1.2
181,8,2.457142857,1.2,0.2,1.2,3.2,4.6,0.6,5,2.2,3.4,2.6,2.4,2,3.8,2
182,12,2.385714286,2.4,3.4,3.4,0.4,3.8,1.6,1,4.6,4.8,1.8,0.2,0.2,1,4.8
183,12,2.114285714,0.4,3,1,4.4,4.8,2.4,2,0.4,0.8,0.6,3,2.2,1,3.6
184,18,2.8,2.4,5,0.6,5,4.2,2.2,0,0.8,3.8,4.6,0.8,3.4,3.8,2.6
185,13,2.471428571,5,4.2,3.6,5,2.8,3.8,0.6,2.8,2.8,0.2,1.6,0.4,1.2,0.6
186,15,2.3,1.8,3.6,1,5,5,1.4,0,4,3.2,0.6,2.4,1.2,3,0
187,8,1.742857143,3.2,4.6,1.4,0.6,0.4,1.2,0,2.2,1.8,1.6,2.6,1.8,0,3
188,6,3.214285714,3.4,3.6,5,2.2,1.6,3,2.6,1,2.6,2.6,3.6,4.4,4.4,5
189,9,2.214285714,0.8,2.4,3.4,1.8,0.4,0.8,5,2.2,4,0.8,1.2,2.6,2.2,3.4
190,7,2.628571429,1.4,1.2,1.6,2.4,2.6,4,0.4,1.6,5,3.2,4.4,0.8,4.8,3.4
191,6,2.085714286,1.8,2.6,0.2,3.2,0.4,0,4.8,3.6,0.4,2.6,3.8,0.2,3,2.6
192,12,2.628571429,0.6,4.2,1.2,2.2,0.4,3,4,5,2.8,3.2,1.8,4,1,3.4
193,20,3.214285714,0.8,4.2,4.8,3.8,0,0,3.6,4,4,3.2,5,2.8,5,3.8
194,7,2.014285714,4.4,2.6,0.2,0.8,1.6,3,2.8,0.6,3.8,2.6,3,1.2,1.6,0
195,5,2.714285714,3.2,3.4,2.6,2.8,1.8,2.8,1,3.6,1.6,4,3.2,0.4,3.8,3.8
196,11,3.1,3,3.8,2.4,2.4,0.2,5,4.8,1.4,5,2.2,1.4,4,2.8,5
197,20,1.957142857,4.2,1.2,0.2,3.8,2.4,0,3,2.2,1.8,0,1.4,2,4,1.2
198,8,2.271428571,3.6,0.8,2,4.6,4.6,2.6,0.6,1.2,0.6,3.2,2.8,0.6,2.4,2.2
199,17,1.928571429,3,1,2.8,3,1.6,0.6,4.2,3,0,1.8,2.6,0,0.8,2.6
200,11,2.342857143,2.8,5,1.2,2.2,1.8,4.6,0.6,0.2,3.6,4.8,1,1.2,3.2,0.6
201,12,3.028571429,2.2,3.6,2.8,3.6,4.8,0.6,4.6,3,4.2,1,1,4.4,3.4,3.2
202,15,2.771428571,2.6,2.8,3,1,4,1.8,4,3.8,3.8,2.6,4.2,3.2,1,1
203,18,1.8,2.4,2,1.2,2.8,2.4,3.6,0.4,0.2,0.6,3.6,1.2,2.6,1.4,0.8
204,19,2.371428571,1.6,0.2,0.8,2.8,5,4,0.2,3,3,2.4,0.8,0.6,4.8,4
205,16,2.3,3.8,2.6,1.4,3.6,0,3.4,3.4,0.2,4.6,0.8,1.8,2,3.4,1.2
206,14,2.442857143,2.8,0.4,5,2,1.6,1.8,3.2,4.8,4.4,2.2,2.4,0,0.4,3.2
207,9,2.142857143,1.6,3,2.8,0,0.2,2.4,1.6,1,4.6,4,2.6,3.4,0.4,2.4
208,10,2.271428571,0.8,2.8,3.6,0.6,4.2,0,2,3.8,4.6,3,1.2,1.8,0.4,3
209,18,1.871428571,4.8,1,1.8,3.4,2.6,2.8,1.8,1.4,0.8,1.2,0.8,0.8,1.2,1.8
210,6,2.314285714,1,1.2,3.8,3.6,2.6,0.6,4.6,3.4,4.2,1.2,1.6,0.4,2.6,1.6
211,7,2.657142857,0.4,1,0.8,1.4,4.6,5,3,3.4,2.2,3.8,3.8,0,5,2.8
212,11,2.928571429,3.6,2.4,1.8,2.4,3.4,5,3,2.8,4.8,1.6,3.6,3,1.8,1.8
213,19,2.9,5,1.6,1.6,1.6,4.8,2.8,3.4,2.6,5,0.8,0.4,4,2.2,4.8
214,7,2.585714286,1.4,0,4.8,1.4,2.8,0,3.2,0.8,4,4.6,1.2,4,4.2,3.8
215,10,2.542857143,4.6,0.6,0.2,3,2.2,4,1,0.4,5,5,1.4,2.8,2.4,3
216,9,2.214285714,5,0.4,4.6,3,3.8,2.2,2,0,0.2,1.6,1.8,0.6,2,3.8
217,11,2.585714286,2.2,2.6,5,0.8,4,0.6,0.4,2,4.4,3.6,1,4.2,0.4,5
218,6,2.257142857,2.2,2,4.4,3.2,3.8,2.8,0.6,2.2,1.4,3.4,0,0.2,2.8,2.6
219,9,1.914285714,3.4,1,0.8,0.2,2,4,5,0.6,1.6,2.4,0.6,1.2,0,4
220,16,2.228571429,2.6,2.6,1.4,0.6,3.6,1.4,2.8,3.4,1.8,0.4,5,0.2,3.6,1.8
221,13,2.642857143,2.8,3.8,0,2.2,3.6,0.2,3,4.8,3.6,4.2,2.6,0,3.6,2.6
222,5,3.042857143,2.4,2.2,2,0.8,4.8,2.4,3,3,1.8,4.6,4.6,3.2,3.6,4.2
223,8,2.071428571,3.6,0.4,2,1.2,1.4,2,4.6,1.6,0.2,1.6,4.8,1.6,3.2,0.8
224,13,2.271428571,4.8,3.6,0.8,2.2,4.8,0.8,1.8,0.8,4.6,0.4,0.4,2.8,3,1
225,5,2.371428571,5,4.8,4.6,1.6,5,2,0,0,1.4,0,1.4,0.2,3.8,3.4
226,6,1.814285714,1,1.4,1.4,0.2,2.4,2.8,4.6,2.2,2,2.4,2.2,0.8,1.4,0.6
227,16,2.814285714,2.6,0.6,3,1.6,4.8,2,3.4,2.2,5,1.4,4.2,1.6,4.4,2.6
228,19,2.285714286,2.2,2.4,0.8,1.2,3.2,3,1,3,2.4,1,4.6,0.2,2.8,4.2
229,9,2.528571429,2.2,1.6,0.4,3.6,2,3.4,4.8,2.6,4,3.8,0.6,0,4.4,2
230,17,2.714285714,2,4.6,0.6,2.6,5,5,4.4,0.2,0.2,0.2,3.8,3.2,2.4,3.8
231,14,2.471428571,1,4.4,4.2,3,3,1.4,0.6,1.2,3.2,0.2,4.6,2,4.2,1.6
232,6,2.985714286,0.6,4.6,2.8,4.2,2,1.4,1.2,5,2,1.8,3.8,3.8,3.6,5
233,12,2.385714286,0.6,4.2,4.2,0.8,0.8,4,3.4,4.4,2.8,0.4,2.6,0.4,2.2,2.6
234,11,2.128571429,3.6,2.2,0.6,1.8,3,0.2,2.4,3.8,4.8,0.8,3.4,2.6,0.6,0
235,18,2.557142857,0.4,2.6,2.8,2.6,2,0.2,3,4,5,1.4,3.6,4,1,3.2
236,8,2.342857143,4.4,3.6,2.8,4.6,1.4,0.6,1,3.8,3,1.4,2.2,3.4,0.2,0.4
237,14,2.442857143,4.4,3,0.2,3.2,0.6,4,3,0.8,4.4,0.6,3.4,0.4,3.6,2.6
238,15,3.514285714,3.8,5,2.6,3.4,5,2.8,5,3.8,2.6,1.8,3,3.8,5,1.6
239,6,2.457142857,0.2,3.8,1.8,3.4,0,1.8,4,1,4,4,1.8,4.2,1.2,3.2
240,6,2.785714286,2.8,0.6,5,1.2,0.4,4.6,1.4,2.6,3.6,4.6,1.2,4.8,3.8,2.4
241,11,2.642857143,3.2,0.8,3.2,0.6,3.6,5,2.2,2.8,4.8,2.8,0.6,0.8,4.4,2.2
242,9,3.557142857,5,2.2,1.2,3.6,4.6,5,5,4.2,4,4.2,3.8,2.4,0,4.6
243,18,2.514285714,1.4,4.8,2.2,2.8,1.4,3.6,1.6,1.4,0.4,3.4,3.2,3.6,4.4,1
244,15,2.357142857,2.4,4.4,2.6,0.8,1.6,3.8,3.6,0,2.2,0.2,4.4,0.6,2.6,3.8
245,9,2.7,0.6,1.4,5,3,1.8,1.4,2.4,4.4,0.8,3.4,2.8,4,4.2,2.6
246,18,2.285714286,2.2,3.8,0,2.6,0.4,3.4,2.4,4.8,2.6,2.8,2.4,3.6,1,0
247,5,2.828571429,1.4,3.2,4.8,4.2,1.8,3.8,4.2,3.8,0.2,3,0.4,3,2.2,3.6
248,18,2.428571429,4.6,0.6,4.6,1,0.4,1.6,5,1.2,3.8,3.8,1,0.2,3,3.2
249,15,2.085714286,2.4,4.6,2.4,0.2,4.4,1.8,4.2,0.6,2.2,0,1.2,3.2,1.8,0.2
250,13,2.157142857,0.2,0,2.2,4.8,3.4,0.4,3.8,1.2,2.6,1.4,4,0,2.6,3.6
251,5,2.785714286,1.2,1,4.2,4.2,4.6,3.8,4.4,1,1.8,1,5,1.6,4.8,0.4
252,18,3.042857143,0,2.6,4.8,0.8,4.6,1.2,3.2,4.2,3.8,2,4.8,4.2,2.6,3.8
253,6,2.842857143,2.8,4.6,1.6,0.8,3.8,4.2,4.6,2.6,1,1.4,3.6,3.8,3,2
254,15,2.742857143,5,2.8,2.8,2.2,0,1.2,2.6,1.4,4.8,1.2,2.6,2.2,5,4.6
255,10,2.5,4.6,1.6,0.8,3.8,2,2.6,2,1.6,2,2.6,3,2.4,2.4,3.6
256,17,3.014285714,4.6,5,3.2,1.8,4.8,1.4,3.8,1.2,3.6,4.2,1.4,3.8,0.6,2.8
257,14,2.771428571,1.8,4.2,1,3.8,4.6,4.8,0.8,4.6,4.2,3.6,0,3.4,0.8,1.2
258,20,2.157142857,0.2,2.4,5,1.6,0.4,0.6,4.6,0.6,2,3.4,3.4,3.2,1.4,1.4
259,12,2.214285714,4.4,4.2,0.2,2.4,1.2,3.2,3.8,0,4,1,2.2,0.8,2.4,1.2
260,13,2.7,4,1.2,0.2,5,2.8,0.2,4.8,2.8,4.6,0.4,4.4,3.6,3.8,0
261,12,2.157142857,0.4,3.2,2,2.4,1.2,3.8,4.2,3.8,3.8,2.4,1.4,1.2,0.2,0.2
262,18,2.528571429,1.8,2.8,2.2,0,2.4,5,0.6,4.8,3.2,1.8,4.4,1.2,3.4,1.8
263,19,2.514285714,0.8,4.8,4.4,1.6,1.8,1.6,2.6,2,4,4.4,1,4.6,1.2,0.4
264,17,2.914285714,3.2,3.6,5,3.4,0,1.6,4,4.8,4.6,3.8,2.2,2.6,0.2,1.8
265,5,2.357142857,2.2,3.2,1.4,0.2,4.2,1.2,1,3.2,3.8,0.6,4.4,2.4,1.2,4
266,12,1.857142857,0,2.6,2.4,1.8,0.4,3.6,4.4,1.8,3.8,0.4,2.4,1.2,1,0.2
267,14,3.471428571,4.6,5,4.6,3.8,2,4.8,3.6,1.2,5,4.8,3.8,0.8,0,4.6
268,10,2.842857143,4.8,3.2,3,4.2,3,0.6,4.2,2,1.6,4.2,3,0,1.2,4.8
269,10,2.271428571,3.6,5,0.4,2.8,2.8,3.6,2,4.4,1,2.4,1.8,0.8,0.6,0.6
270,16,3.314285714,4.4,3,4.2,3.8,5,2.4,1.4,0.4,4.6,3.2,4.6,3.4,1.2,4.8
271,11,2.485714286,0.4,3.6,0.2,3.8,4.8,2.8,0.4,2,4.6,4,0.6,1,4.2,2.4
272,16,2.414285714,1.2,0.4,3.4,2.2,0.4,0.6,5,3.8,3.6,4.6,0,3.8,2.6,2.2
273,7,1.528571429,3.8,2.2,0.4,0.4,0.4,3.2,2.4,0,0.8,4.4,0.8,1.6,0.8,0.2
274,20,2.571428571,2.2,3.6,2.8,2.4,2.8,3,3.6,3.2,2.8,3.2,2.4,1.2,0.6,2.2
275,17,2.8,0.4,2.8,1,4.4,2,3.4,5,2.2,4.2,2.4,2,4,3.4,2
276,11,1.685714286,2.4,0.4,1,0.6,0.8,1.6,2.6,2.4,1.2,4,2.4,0.2,3.8,0.2
277,17,2.957142857,1.8,4.4,4.4,2.4,4,1.8,1.8,0.6,5,5,0.8,4.4,3,2
278,16,2.871428571,3.6,4.2,1.6,3.6,3.4,3.2,1.8,2.6,4.6,2,4.8,3,0.2,1.6
279,19,2.5,3,0.4,2,2.8,3.6,0,1.4,4.8,4.6,1.8,4.6,2.4,1,2.6
280,9,2.428571429,1,4,2,0.2,0.6,2,0,4.8,3,3,4.8,4.4,0.8,3.4
281,5,3.442857143,3.4,0.6,2.4,3.6,3.4,5,4.8,4.8,4,3.4,2,4,3.4,3.4
282,20,2.428571429,0.2,0.6,3.2,3.4,3.4,0.4,4,0.4,1.8,1.4,4.8,3.4,2.4,4.6
283,6,2.585714286,3.2,2,1.4,3.4,2.6,2.8,4,2.6,3.4,3,0,3.4,2.6,1.8
284,19,2.571428571,3.2,0,3.2,1.8,1.6,2,2.8,4,3.2,3.2,1.6,1.6,4.8,3
285,8,2.514285714,4,1.4,0,1,2.2,1,4.4,3.2,3,4.6,1,2.2,4.6,2.6
286,11,2.228571429,1.2,3.6,5,0,0.2,3,0.4,0.6,3,3.2,0.4,2.2,3.4,5
287,19,2.357142857,1,1.6,5,1.2,0.4,3,4.6,1.8,0.4,3.6,2.2,0,5,3.2
288,12,2.771428571,1.8,2.6,2,3.4,4.4,4.8,4,0,3.4,3.6,4.8,1.8,0.2,2
289,8,2.671428571,0.6,3.2,4.2,2.8,2.4,0.6,3.8,4.4,0.6,3.2,4.4,4,2.4,0.8
290,6,3.142857143,2,1.8,4.2,4.8,3,3.2,2,4.4,3.2,4.6,2.4,3,1.4,4
291,14,2.514285714,0.2,0.8,1.6,0.8,4.2,3,4.6,4.6,2.8,1.8,4.8,0.4,1.4,4.2
292,18,2.871428571,3.4,1,1.4,4.6,2.4,1.6,4.4,4,3.4,3.8,4.4,2,1.8,2
293,15,2.857142857,4.6,4,2.4,3.2,0.2,3,2.2,1.4,5,0.4,3.8,3.6,4.8,1.4
294,8,1.914285714,0,1,2.8,1.2,1.2,0.8,4.8,2.6,0.8,0.4,1.4,1.4,4,4.4
295,10,1.728571429,1,2.2,4.2,2,2.4,0.2,4,2.8,0.6,1,0,0.8,1.6,1.4
296,9,3.142857143,3.8,4.8,3,0.6,1.4,4.4,0,3.8,4.8,2.8,4.4,4.4,2,3.8
297,17,2.742857143,4,2.8,4.8,4.4,4.6,3.6,0.2,2.2,1.8,4,0,1.8,3,1.2
298,9,1.414285714,3.4,1.6,1.8,0.8,3.2,2.4,2.6,0.8,0.2,0.6,0,0,0.6,1.8
299,11,2.842857143,1.2,0.2,4,2.8,0.4,1.6,2.6,4,4.4,3.8,3.4,4.4,3.8,3.2
300,18,3.014285714,0,2,4.2,0.8,4.8,3.8,3.2,4.6,2,0.2,3.4,5,3.4,4.8
301,17,2.242857143,0.6,3.6,2.6,0.6,1,1.4,3.4,3.8,0.6,0.8,4.4,3.2,2.4,3
302,9,2.185714286,0.2,3.8,1.6,2,2.4,4.4,4,2.6,2.8,0.6,2.4,1.2,0.6,2
303,10,2.542857143,0.2,1.8,0.2,0.6,2.2,4.8,3.6,2.4,2.4,3,3.2,4.4,4.2,2.6
304,18,2.557142857,0.8,3.6,4.8,1,0,3,3.2,4.4,1.4,3.8,3.2,3,1.6,2
305,10,1.885714286,0.2,1.8,1,3.8,1,0.4,0.6,5,1.2,1.2,2.8,4.6,0.2,2.6
306,20,2.514285714,2.4,3.8,0.8,1.2,4,4,3,0,0.8,4.6,4.2,0.6,4,1.8
307,11,3.085714286,2.8,2.4,3.2,2.2,4.6,3.4,4.6,0.2,2.2,3,4.8,4.6,4.8,0.4
308,8,3.342857143,2.4,4.6,5,4,4.6,4,3.4,4.6,4.4,3,0,2.4,0,4.4
309,19,2.628571429,3.2,3,3.8,4.4,4.8,5,0.6,0.4,1.8,3.6,2.4,2.8,0.4,0.6
310,15,2.014285714,1.2,0.6,1.6,1.4,2.2,5,3.8,0.2,2.4,1.6,1.8,1.8,4.4,0.2
311,20,2.357142857,5,0.4,2,3.4,1.4,2,1.8,4.4,1,4.2,1.6,0.6,3.8,1.4
312,17,2.885714286,5,1.6,2.8,4,4.2,4.6,3.6,3.2,0.8,0.2,0.6,2.8,2.8,4.2
313,9,1.757142857,4,2,0.2,0,2.8,0.6,0.2,3.6,1.4,3,2.6,0.4,3,0.8
314,11,2.585714286,0.2,4,3.2,0.2,0.2,1.4,1.2,3.6,3.4,5,2,5,4.2,2.6
315,9,2.8,2.8,4.2,0.4,1.2,3,3.8,3,4.8,0.8,4.4,0,4.2,4.6,2
316,11,3.2,2.2,1.2,4.8,4.2,2.8,2,2.8,3,3.6,1.2,4,4.6,3.8,4.6
317,11,3.042857143,0.8,2.8,3,1.8,3.2,4.6,4.6,0.6,4.4,5,2,2.8,3.2,3.8
318,15,2.285714286,1.8,3.8,3.4,3.6,0.8,3.4,1,2.6,1.2,0.8,2.2,0,3.6,3.8
319,14,2.828571429,1.8,2.8,3.6,1.2,0.4,2.2,5,4.4,1.4,2,1,4.4,4.4,5
320,14,2.457142857,4.2,3,3.2,0.2,1,5,1.4,3.6,0.4,3.8,1.4,1.4,3.4,2.4
321,16,3.085714286,1.6,3.6,4.2,4,3,0.2,4.6,3.4,1.8,0.8,4.4,4.8,5,1.8
322,8,2.542857143,2.8,2.4,3.6,2.4,3,2.2,0.8,3,5,4,1,1.4,2.2,1.8
323,14,2.614285714,1.6,2,2.6,0.6,5,3,4,2.4,4.4,2.8,3.8,3.6,0.8,0
324,12,2.5,0.6,1.6,3.4,0.2,2,4.4,0.2,2.4,2.2,4.8,4.4,2.8,3.6,2.4
325,13,2.142857143,5,0.2,2.2,1,2.6,2,1.4,4,0.4,3.4,0.4,4.6,1.8,1
326,14,1.742857143,2.8,1.6,1.8,2.2,5,0.8,0.4,1,1.8,2,0.2,4,0.6,0.2
327,7,3,2.8,3.8,4.2,3.8,0.2,2.6,4.4,1,4.4,2.2,1.8,2.6,3.8,4.4
328,9,3.028571429,1.4,4.8,1.4,5,4.4,1,1.4,4.6,2,5,4.8,2,2.8,1.8
329,5,2.885714286,3.8,2.8,5,0.2,0.4,2.8,3.4,4,1.2,4.8,4.4,3.4,1.2,3
330,10,2.285714286,5,4.6,3,4.6,2.6,0.6,2.2,0.6,0.4,0.2,4.2,1.2,0.2,2.6
331,14,3.257142857,1.4,0.4,1,3.6,4.6,3.4,3.4,4.2,5,3.6,3,4.4,4.6,3
332,13,2.3,1.2,4.6,1,3,0.6,1.8,1.2,3,4,2.8,2.2,1,2.6,3.2
333,7,2.7,4.2,4.8,1.8,4.6,0.4,3.6,2.8,2.2,1.6,1,0.6,1.2,5,4
334,11,2.885714286,5,2.6,2.8,5,1.2,2,2.6,3.8,5,3.6,3.4,2.8,0.4,0.2
335,5,2.814285714,1.2,4.2,2,2.4,4.8,0.8,2.6,3,4.2,4.8,1.6,4.2,3.2,0.4
336,11,2.314285714,0.8,1.8,4,2.2,2.6,0,2.6,4.8,2.8,0.6,2.6,4.6,2,1
337,5,2.342857143,2.4,4.6,1.4,1.4,3.4,0.8,1,2.8,5,0.8,4.4,3.2,0.2,1.4
338,14,2.842857143,4.8,1.4,5,2.2,3.2,3,1.4,1.2,2.6,2.6,5,0.4,3.4,3.6
339,14,1.742857143,0.6,4.4,0.4,3.4,0,0,3,3.4,3.8,1,0.4,0.8,0,3.2
340,15,2.157142857,0.4,3.8,5,0,0.4,4.2,3.8,3.2,1.4,3,0.6,0.2,1.8,2.4
341,14,2.8,2.4,0.8,3,1.2,3.4,5,2.8,4.2,0.8,4.2,4.4,1.8,2,3.2
342,19,1.842857143,0.2,2.4,1.8,0.2,4,0.6,2.6,2.4,1.6,3.4,4.2,0.6,0.4,1.4
343,19,2.328571429,3.6,0.6,2,2.4,1,2.6,1,5,3,4.8,0.4,1.4,3.6,1.2
344,5,2.4,4.2,4.4,4.2,0.2,0.4,2.2,4.8,4.6,0.8,4.2,2,0.4,1,0.2
345,18,2.571428571,2.2,2.6,0.4,2.2,3,2,4.4,0.6,2.4,4,4.8,2.8,1.8,2.8
346,9,2.642857143,4.2,1.2,2.6,2.2,4.8,0,1.8,3.6,3,3.4,0.8,3.8,0.8,4.8
347,20,1.857142857,4.4,5,4.4,0.2,2.2,1,0,0,1.6,2,0.8,1,3,0.4
348,19,2,4.8,2.4,0.8,0.6,0.8,0,4.6,2.4,0.6,4.8,0,2.8,1.4,2
349,17,2.585714286,4.6,4.8,2.8,5,3.4,4,1.2,1.4,1.6,2.6,0.8,0.2,0.8,3
350,16,2.671428571,2.2,0.8,3.2,1,5,4.6,0,2.2,2.4,4.4,0.8,1.4,4.6,4.8
351,14,2.157142857,0.4,1.2,2.4,3,4,3.6,5,2.2,1,1.6,0,0.4,3.4,2
352,19,2.571428571,5,1.2,0,4.6,2,2.8,1.2,1.2,3.6,3.2,2.2,3.6,1.8,3.6
353,6,1.457142857,1.2,0.6,0.4,1.4,2,4.8,4.2,0,0.2,1.6,0.4,0.6,0.6,2.4
354,9,2.485714286,2,0.6,3.8,1,4.6,1,4.2,3.4,2.4,3.4,1.2,1.4,2.4,3.4
355,9,3.385714286,0.6,5,4.2,2.6,3,4,2,4.8,5,4.6,0,4,2.6,5
356,11,2.171428571,2.2,2.8,1,2.2,2.2,0.2,0.6,1.2,2.8,1.4,3.8,5,2.4,2.6
357,7,3.2,3.4,5,0.4,4,4.4,2.8,2.8,4,3,0.6,4,4.4,3.2,2.8
358,14,2.414285714,4.4,4.4,2.2,0.4,1.2,2,0.6,1.2,0,4,4.2,3.2,4.2,1.8
359,19,3.385714286,1.2,4.4,4.6,4.6,3.8,2.8,1.4,1,3,5,4.8,5,5,0.8
360,19,2.371428571,4,4.6,0.8,2.8,1.8,4.4,3.8,0.4,0.2,2.6,1.8,1,4.4,0.6
361,17,2.328571429,3.4,0.4,0,4.4,0.4,1,4.8,2.4,3.8,3.6,0.2,3.8,1.6,2.8
362,7,2.5,0.6,1.2,0.2,4.8,4.2,1.6,0.8,3.2,4.4,4,0.2,3.2,4.4,2.2
363,12,2.614285714,1.4,3.4,4,4.4,2.6,1,4.4,1.8,0.4,2.6,4.8,3,2.4,0.4
364,6,3.257142857,2.4,4,3,5,3.6,2,5,4.4,2.8,1.8,2.8,0.2,4.6,4
365,10,2.1,2.4,1,4.6,0.4,1.6,2.6,0.8,4.4,3.4,4.2,2.8,0,0.4,0.8
366,8,2.985714286,1.8,1.2,3.6,0.8,4.8,3,3.8,3.8,1.4,4.4,3.8,3,2.2,4.2
367,20,2.842857143,0.8,1,5,3.8,2.8,0.4,2.8,4,1.8,4.8,4.8,5,0.8,2
368,8,3,1.2,4.4,4.2,1,0.4,4.6,4,0.6,3,4.6,2.4,4.4,2.2,5
369,15,1.742857143,0.8,1.2,3.8,1,0.2,0.6,0.6,3,4.4,3.6,1.6,0.2,1.4,2
370,9,2.571428571,1,3.8,0.4,3.2,4.6,2.8,1.2,4.8,0.8,2.4,3.2,4,2.8,1
371,6,1.857142857,2,0.8,0.4,1.2,2.8,3.8,0.6,2.8,4.6,0,2.2,0.4,1.2,3.2
372,15,3.071428571,1,2.2,4.2,2.4,4.2,2.2,5,3.4,3.6,4,2.8,3.6,0.2,4.2
373,7,2.857142857,2.4,0.6,3.6,0.4,5,4.6,4.8,2.8,5,0.8,4.4,4.4,0.4,0.8
374,7,3.128571429,1,4.6,4,0,3,4.6,1.2,3.6,4,4.6,4,4.4,2,2.8
375,5,2.842857143,4.8,3,1.6,3.8,4,2.6,0,2.8,3.2,0,2.2,5,4,2.8
376,17,3.085714286,5,3.4,2.6,3,3,2.8,1.6,4,1.2,5,3.2,3,2,3.4
377,12,2.128571429,2,0,3,5,1.8,3.4,4.2,1.4,2.6,1.8,0,1,1.6,2
378,18,2.285714286,0.8,3.8,2.4,2,0.8,0,4.4,5,1.8,0,2.2,4.6,2.4,1.8
379,20,3.114285714,4.2,4,3.8,0.8,0.8,4.6,4,2.4,0.8,3.4,2.2,3,4.8,4.8
380,10,2.742857143,0.4,2.2,4.8,3.8,3.4,4.8,3.4,3,2.2,1,0,4.2,3.6,1.6
381,17,2.457142857,1,2.2,3.4,3,4.2,0.4,1.4,4.8,2.6,3.8,2.2,3,0.6,1.8
382,15,2.328571429,1,3,3.8,1.4,3.2,0.8,3.2,0,3.8,1.2,1,3,3.8,3.4
383,7,2.128571429,3.4,2.4,3,1.6,0.8,0.4,4.8,0.8,1.4,2.4,0.4,5,1.6,1.8
384,5,2.628571429,1.2,3.8,4.2,1.2,0.4,4.8,3,1,1.2,5,4.2,1.6,0.2,5
385,19,2.3,2,0.4,4.2,1.2,2.4,3,4.4,3.2,3.6,2.4,1.2,0.8,3,0.4
386,14,3,2.6,2.2,4.6,4.6,4.6,3.4,2.6,4.6,2,0.6,3.8,0.8,2.4,3.2
387,11,2.357142857,3.8,1.2,1.6,0.8,0.2,1.6,2.4,4,4.4,2,4.4,2.2,1.6,2.8
388,20,2.728571429,4.4,1.6,0.4,3.8,5,4.8,3.2,2.6,2.2,1.4,0.8,3.8,1.6,2.6
389,13,2.457142857,1.6,1,1.4,4.2,1.6,4,3.8,2.8,3.4,0.8,0.2,3.8,2.8,3
390,9,2.242857143,3.8,4.2,1.6,0.8,1.8,2,3.4,0.8,1.2,3,4.8,1.8,1.6,0.6
391,15,2.085714286,0.6,4.2,1.4,3.4,0.2,4.8,1.4,0.8,2,4,0.2,0.2,4.4,1.6
392,6,2.342857143,2.6,2.8,2.6,3.4,2.8,0.4,4.2,0,0.8,5,2.4,2,0.2,3.6
393,12,2.414285714,0,1.2,2.4,1,3.4,2,3.6,0.8,5,3.4,3.8,0.2,3.2,3.8
394,20,2.271428571,0.4,1,2.2,4.8,0.2,2.4,2,4.8,1.6,3.8,1.2,5,0.6,1.8
395,14,2.642857143,3,3.8,3.6,2.6,0.2,0,1,4.6,4.4,4.6,0.2,2.8,2.2,4
396,19,1.628571429,1.6,0.2,0,4.4,0.2,4.8,4.6,2.4,0.2,0.4,0.6,1.8,0,1.6
397,5,2.9,4,5,4.2,2.2,3.4,1.6,0.6,1.6,2.6,4.4,2.2,1.2,2.6,5
398,11,2.428571429,3.2,0.6,2.6,1.2,0.4,4.8,4,1.2,2.8,3.6,1.4,0.4,3.2,4.6
399,7,1.885714286,1.8,3.6,2.6,3,4.4,1.2,0,2,4,0.6,0.2,0.6,2,0.4
400,6,2.442857143,4.8,0.8,4.8,0,2,1,0.6,2.2,3.6,1,3.6,0.2,5,4.6
401,12,2.9,2.8,2.6,2,4.4,2.8,2.8,3.2,4,3,2.4,4.4,1.2,4.2,0.8
402,19,2.271428571,1.8,1.6,4.8,2.8,4,2.8,4.6,3.4,1.4,0,1,1,1.6,1
403,12,2.785714286,3.6,4.6,3.6,3.2,3.6,3.8,3.2,0.8,2,3.6,3.2,0,2.6,1.2
404,15,2.842857143,4.6,2.6,3,0.8,1,3.6,2.6,4.6,0.6,4.6,1,4,2,4.8
405,16,1.485714286,0.2,0,0.6,0.4,3.4,3.2,3.2,1.6,1.4,3.6,2,0.2,0.4,0.6
406,6,2.214285714,0,1,2.2,4.2,0.2,3.6,2.2,1.4,4.4,2.4,2,4.2,2.6,0.6
407,8,1.485714286,1.6,3.2,0.2,3.4,3.4,0.8,1.4,1,1.2,2.6,0,0.6,1.2,0.2
408,18,3.271428571,4.8,4.6,4,0.4,4.4,3.2,3.2,4.2,4.8,0.2,4.8,0,4.8,2.4
409,15,2.028571429,2,3.2,4.6,1,0.2,3.2,3,0.2,3.8,3.8,1,1.2,0,1.2
410,5,2.357142857,5,2.4,2.8,0.2,0,5,4,4.6,1.2,1.4,1,1.4,3.8,0.2
411,6,2.257142857,1.2,0.6,2.2,0.8,4.6,2.8,2.2,1.4,3.2,1.8,2.6,1,2.8,4.4
412,16,3.514285714,2.8,5,3.8,4.2,4.6,2.6,0.4,4,4.6,3,4.2,4.8,5,0.2
413,18,2.428571429,0.6,3,2.6,0.4,3.4,0.4,2.2,4.2,3,3,1.4,4.4,0.6,4.8
414,19,2.5,4.2,1.4,2.6,4.8,0.6,0,4.4,3.8,1,2.4,3.8,1.6,4,0.4
415,19,2.185714286,4.6,0.2,1,4.4,4.2,0.2,2.6,3.6,1.6,0.4,1.6,0,2.6,3.6
416,10,1.6,0.2,1.6,2.6,0.8,3.2,1.4,0.4,2.4,2.8,0,1,0,1.4,4.6
417,14,2.728571429,4,0.6,5,0,2.8,2,3.6,2.4,3,0.6,3.4,2.4,4,4.4
418,18,2.785714286,5,0.8,2,2.6,4.8,0.6,1.4,2.4,4.6,1.6,4.2,1.8,4.6,2.6
419,10,2.971428571,2.2,1.8,3.6,1,2,3.8,0.8,5,3.6,4.6,2.8,3,4.8,2.6
420,10,3.228571429,2.4,2,4.8,4.4,4,0.8,4.4,4,3,1.8,4.2,2.6,2.2,4.6
421,9,2.557142857,4.4,3.8,2.2,5,3,0.2,2,0.2,3.8,0.6,4.6,0,1,5
422,18,2.942857143,0.6,3.8,5,2,1,4.4,4,1.2,2.6,2.6,4.6,4.6,1.2,3.6
423,11,2.442857143,2.8,2.2,4,4.4,1.2,1,4.4,1.2,3,4.6,0.8,0.6,0,4
424,7,2.742857143,1.8,4.8,2.8,4.4,0.8,0.8,2.8,0.8,4,4.6,5,3.2,2,0.6
425,12,2.785714286,3.4,1.2,4.8,1.4,3.6,3,2.2,0.4,4.4,1.4,2.8,4.4,5,1
426,15,2.7,3.6,4.8,4.2,1.8,3.6,2,3,5,0.2,2.2,5,0.4,0.2,1.8
427,6,2.685714286,2.6,0.8,3.2,4.8,0.8,3,4.2,1.6,4.8,4.4,1.6,1.6,2.2,2
428,20,3.1,3.4,4,3,1.6,4.2,5,4.2,4.8,1.2,4.8,1.4,4.2,1.2,0.4
429,18,1.571428571,0,1.6,0.2,1,4.8,1.2,2.8,1.2,4,2.4,2.2,0.6,0,0
430,13,2.385714286,4.4,0,0.6,2.8,2.6,2.6,4.8,2.2,4.4,0,2.6,0.4,3.2,2.8
431,12,2.014285714,2,3.6,2,2.2,1.6,1.8,2.2,0.6,2.8,3.6,0.2,2,0,3.6
432,8,2.342857143,0.8,0,2.6,4,4.6,1.8,4.4,5,0.8,3.8,3,1,0,1
433,14,2.514285714,4.6,4.2,1.4,2,2,1.8,2.6,4.6,1.2,2,0,2,1.8,5
434,17,3,0.4,0.6,3.4,4.2,1,4.2,4.6,3,3.8,2.4,4.8,3.4,5,1.2
435,20,3.442857143,1.6,3.2,4.6,2.8,3.2,1.6,5,2.8,3.8,5,4.4,3,4.6,2.6
436,8,2.357142857,1.4,1.8,1.6,2.2,1.8,4.8,1.8,3.6,1,4.8,1.8,1.4,3.2,1.8
437,5,3.114285714,1.6,3.8,1.6,4.8,4.2,4.6,0.6,1.8,4.6,2.2,2.8,4.6,4.4,2
438,9,2.414285714,2.4,3.4,0.2,1.2,3,0.2,0.6,3.8,3,1,4.8,4,4.6,1.6
439,9,3.2,1.6,3.6,4.4,3.2,5,0.4,4.8,4.8,0.2,3,4.2,2.6,3.4,3.6
440,7,3.157142857,5,2.2,2.8,4.6,1.4,4.8,1.8,4.8,4,1.4,3.4,4,2.2,1.8
441,19,2.171428571,5,4.2,3.8,4.6,2.8,0.6,0.2,1.6,4.2,1,0,2,0.4,0
442,13,2.828571429,2.4,4.8,2.4,3.2,4,3.4,0.6,2,3.4,2.2,0.8,3.8,2.6,4
443,20,1.742857143,3,1.4,1,1.8,0,4,0.2,3.6,0.8,0.8,3.2,3.6,0.2,0.8
444,6,2.471428571,1.6,1.2,4.6,4.4,2,0.4,3.4,5,4.6,1,1.2,1,2.2,2
445,10,2.4,1.4,1.2,1.4,3.8,4.6,4.4,4.6,2,2.6,2.4,0.6,2.2,1,1.4
446,13,3.414285714,4.2,5,1.6,5,4.2,1.4,1.8,3.2,4.6,2.6,1.2,4.8,4.6,3.6
447,5,2.628571429,0.8,0.4,4.2,3.6,2.2,2.4,2.8,2.8,2.2,4.6,3.6,1.8,3.2,2.2
448,13,2.614285714,4.6,0.6,1.4,0.6,4.4,5,2.2,2.4,3.8,2.6,3,4,1.8,0.2
449,5,1.971428571,2.8,0,0.6,4.8,0.2,1.8,0.6,0.8,3.6,0.4,2.8,5,2.4,1.8
450,12,2.342857143,0.6,2,0.6,2.2,2.4,4.8,1.8,2.8,4,4.8,0,0.4,4,2.4
451,15,2.914285714,1.6,2,3.6,3.8,3,2.8,5,4.8,2.4,0.8,2.2,3.4,4.8,0.6
452,11,2.8,1.2,3.8,1.4,5,0.2,2,2.8,2.6,2,2.4,3.4,4.2,4,4.2
453,20,1.742857143,0.2,2.2,1.8,0.4,3.4,1.2,0.2,1,3.8,3.6,1,1.8,2,1.8
454,19,2.6,4.2,3.4,2.2,4.6,0.8,2.8,3.6,2.8,2.6,2.8,0.4,2.6,1.8,1.8
455,9,2.285714286,4.4,1,2.8,1.2,0.2,1.8,1.2,1,5,1.8,2,3.6,4.4,1.6
456,17,2.442857143,2.8,2.4,4.2,0.2,2.2,1.8,1.6,2.2,4.8,3.8,1,1.2,4,2
457,17,1.914285714,2,0.6,1.8,4.4,2,3,2.8,0.8,0,1.8,0.2,1.8,1,4.6
458,13,2.214285714,0.8,0.2,4.2,0.2,5,3.2,0.4,4.6,0,1.8,3,2.8,0.2,4.6
459,19,2.771428571,3.4,1.8,0,3,3.2,0.8,5,2.2,5,2,5,0,3.2,4.2
460,19,2.3,1.6,1.4,3.4,5,2,2.6,0.6,1.8,2.4,1.8,1.2,2.2,5,1.2
461,6,2.7,1.8,4.4,2.4,3,0.4,0.2,5,4.6,3.8,0.4,2.8,2.6,4.2,2.2
462,9,2.257142857,5,0.4,2.8,1,0.2,2,4.8,3.4,1.6,3.2,1.8,1.8,1.6,2
463,6,2.757142857,1,2.4,1.2,2,4.2,2.8,2,4.4,3.4,4.8,2.4,2.6,1.6,3.8
464,14,2.3,0,1,2.4,4.4,4.6,4,1.2,5,0.2,1.4,0.8,0.6,3.8,2.8
465,5,2.3,4.6,2.4,2.4,0,0,4.8,4,2.8,0.2,0.2,2.4,0.8,4.4,3.2
466,12,2.428571429,3.4,4,3,2.6,1.6,0,4,2,2.4,0.4,2.2,4.2,1.2,3
467,7,2.742857143,4,1.2,3.4,4.8,3.4,4.4,0,2,0.4,4.4,3.2,3.8,3.2,0.2
468,20,2.557142857,3.8,1.2,2.2,4.8,4.2,0.4,2,4,2.2,3.4,0.8,2.2,4.6,0
469,12,2.471428571,1.4,4.6,1.2,0.6,4.2,4.2,4.8,0.8,3.6,0.8,1.4,0.8,2.8,3.4
470,18,2.4,0.8,0.8,1.4,4,1.2,2,3.6,0.4,3.6,3,4.4,4.8,1.2,2.4
471,15,2.471428571,2.6,4.2,1,2.4,0.4,1,5,0.6,2,0.6,2.4,3.4,4.2,4.8
472,12,2.242857143,2.8,1,0.4,2,4,1.2,3,0.6,4.6,1.6,4.4,0.8,4.2,0.8
473,12,3.2,0.4,2.2,4.6,3.2,4.6,1,3.2,4.2,3.8,3.4,2.8,3,5,3.4
474,9,2.628571429,3.4,3,3.8,1,0,1.4,0.2,4,4.2,4,4.2,1.2,4,2.4
475,18,2.357142857,0.8,3.8,1,1.6,4.2,1.8,1.6,3.8,2.8,2.4,1.4,3.2,0.8,3.8
476,7,2.285714286,2.4,2.8,3.8,0.6,1.6,1.2,5,1.4,3.6,0.6,0,2.8,2.2,4
477,20,2.328571429,2.4,3.6,3.2,4,0.8,2,0.8,4.2,5,1.6,0.4,1.6,0,3
478,14,2.428571429,3.2,0,5,0,1,4.8,1,4.2,3.6,4,4.6,0.2,1.2,1.2
479,7,2.828571429,0.2,2.8,1,4.8,2.4,4.8,3.4,0.2,2.4,4.2,1.8,3.4,3.8,4.4
480,17,3.342857143,1.6,2.4,5,3,1,4.8,3.8,4.2,4.8,5,5,4.8,0.2,1.2
481,16,2.285714286,3.8,0.8,2,3.4,2,2,1.2,3.6,5,2.6,2.4,0.8,0.2,2.2
482,19,2.785714286,3.4,4.8,1.2,3.6,3.4,2.8,4.6,1.6,2.6,0.8,3.6,3.4,1.2,2
483,6,2.5,1,4,1.6,5,2.2,0.6,4,2,4.4,0.2,2,2.8,0.6,4.6
484,5,2.985714286,2,4.8,1.4,4.4,3,2,1.6,5,3,3.4,4,4.2,0.8,2.2
485,10,2.714285714,4.4,2.4,2.2,0.8,4.8,2.8,3.8,2,0,0.8,2.8,2.6,5,3.6
486,8,2.9,1.4,1.4,4.8,0.6,3.2,0,4,4.2,4,4.4,3.4,1.6,4.8,2.8
487,16,2.171428571,3.4,2.6,0.2,0,0.4,1.8,3.6,3.2,0,1.4,2.8,2.8,3.8,4.4
488,18,2.328571429,0,0.4,3.8,0.8,3.4,3.6,4.4,0.8,0.8,4.2,3.6,2.2,2.2,2.4
489,14,1.714285714,0,3.8,4.4,1.4,0.2,2.8,2.6,1,0.4,1,0.4,2.8,0,3.2
490,20,2.6,3.2,2.2,4.2,1.6,0.8,4,1.4,2.4,4,0.2,3.4,2.6,4,2.4
491,6,2.6,1.6,1.4,2.6,3.6,4.8,1,0.6,0.8,1.8,2.2,5,3,4.8,3.2
492,12,2.328571429,4.4,2,4.6,1.8,0.6,0.8,1.6,2.8,0,4.4,3.4,1.6,1.4,3.2
493,8,1.871428571,1.2,0.6,0.8,1.4,0.8,1.8,4,2.6,4.2,2.4,4.6,0.4,1.2,0.2
494,13,2.757142857,0.8,2,0.8,5,2,4.6,1.2,4.6,3,0.6,4.8,3.6,2.6,3
495,15,2.8,2.8,3.2,0,4.2,1.6,2.4,5,1.4,2.8,4,1.2,4.4,2.4,3.8
496,5,2.357142857,0,4.6,1.4,2.4,3,0.8,4.4,3.4,2.2,2.6,2,1,4.2,1
497,10,2.842857143,3.4,2.6,1.4,0.2,3.6,3.6,0.6,4.4,5,0.2,3.2,3.4,4.6,3.6
498,8,2.085714286,5,0,0,1,0.2,4.2,3,2.2,1.6,2,2.6,1.6,4.8,1
499,13,1.957142857,2.4,3,3.6,1.2,2,0,3,0.6,1.8,0.6,3.6,3.2,2.2,0.2
500,11,2.642857143,2.6,3,4.2,0.2,3.4,1.2,3.8,1.6,3.6,2.6,2.6,2.6,4.6,1
501,19,2.385714286,2.2,4.4,2,0.8,3.2,2.2,1.6,1.8,1.2,0.6,4.2,3.4,4.6,1.2
502,8,2.628571429,0,1.2,3.8,4.2,4.4,4.6,0.2,2.8,2.8,2.8,2.8,3.2,2.4,1.6
503,16,2.5,5,4.4,0.2,4.2,1.2,3.8,1.4,4.8,1,0.4,4.2,2.2,1,1.2
504,17,2.471428571,0.4,2.2,3,0.4,2.6,1,5,3.6,3,0.6,3,2,4,3.8
505,5,2.614285714,0.2,0.2,3.8,3.6,5,4.4,3,4,1,3.8,0.8,4,1.2,1.6
506,15,2.185714286,1.6,2.6,1.2,3.4,2.6,3.8,1.4,0.8,1.6,2.6,3.4,1.8,1.8,2
507,7,2.328571429,0.2,2.4,1.6,2,1.4,4.2,4.8,4.6,4.6,1.6,1.2,0.2,0.4,3.4
508,14,2.057142857,1,0.4,4.4,0.6,1.6,3,2.2,5,2.8,2.2,0.8,2.6,1.6,0.6
509,13,2.757142857,5,0.2,0.4,0.2,2.6,4.6,1.4,5,1.8,4.8,3.2,3.2,3.2,3
510,12,2.057142857,4.6,3.6,0.4,2,5,0.4,1.6,1.6,0,4.2,1.4,1.2,0.6,2.2
511,6,3.1,4,1,2.8,1.6,4.8,5,5,0.2,2.6,3.2,1.6,3.6,4.8,3.2
512,11,2.3,1.6,1,2,1.2,0.2,2.4,0.4,3.6,3.6,5,2.4,2,4.8,2
513,13,2.714285714,1.6,2.4,4.6,4,4.4,0.2,0.8,2,4.2,4.6,0,4,1.4,3.8
514,10,2.271428571,4.4,1.6,1.6,4,1,1,4.2,2.6,2.4,0.6,1.8,0.4,1.6,4.6
515,14,3.028571429,5,5,3,1.2,1.4,3.8,1.8,3.8,1.2,1.8,1.8,4,4.8,3.8
516,17,2.442857143,0.2,2.8,3.2,1,2.8,1.2,5,2.6,4.4,0.6,0.6,0.8,5,4
517,17,2.557142857,4.6,2.6,3.6,2.8,2,2.2,1.4,1,1.8,3.2,3.2,2.8,3,1.6
518,14,2.371428571,4.6,1.4,0.2,0,2.2,3.8,3.4,0.2,4.4,2.4,3.4,3.6,0.6,3
519,12,1.485714286,3.6,0.2,1.2,1,0.4,0.4,1.2,2.8,4.8,1.6,0.4,0.6,1.6,1
520,18,2.328571429,2.2,4.8,1,1.6,0.6,2.6,2.4,1.2,3,0.8,3.2,3.6,3.4,2.2
521,8,2.1,1.4,4.2,1.2,2,3.6,0,3,2.2,2,2.2,3.8,2,1.6,0.2
522,15,2.6,0.6,0.4,2.4,4.2,4,0.6,0.2,2,3.6,3,1.8,5,3.6,5
523,10,2.671428571,2.2,3.4,4,0.6,2,0.2,3,3.8,3,5,1.6,3.6,2,3
524,5,2.171428571,4.6,0.2,4.4,2.2,0.4,0,0.4,1,2.2,4.4,3.8,3.2,0.4,3.2
525,20,2.7,0.4,4.6,3.4,1.4,4.2,4.6,4.4,2.6,2.6,1.6,2,1.2,1.8,3
526,15,2.128571429,3.2,0.4,2.4,3,1.4,2.2,0,4.8,1.4,4.2,1.6,2.6,0.2,2.4
527,12,3.257142857,4.8,2.6,1,3.6,4.6,3.6,4.6,0.4,2.2,4.6,3.2,1.6,5,3.8
528,10,2.314285714,3.6,1.2,1,1,2.6,3,2.8,4.2,3.6,0,1,3,3.6,1.8
529,11,3.057142857,4.4,2.4,3.4,4.4,4,4.2,2.6,3.8,1.6,4.2,1.4,1.4,4.2,0.8
530,18,2.514285714,1.2,4.2,2.4,1,0.4,2.6,5,1.6,3.4,2,0.8,1.2,4.8,4.6
531,20,2.185714286,1.4,1.2,0.8,2.8,3,3.4,1.4,0.6,1.8,4.8,1.6,0.2,4.8,2.8
532,16,2.614285714,1.4,4.4,3.2,3,2.4,2,1.6,1,4.2,2.2,0.4,5,1.4,4.4
533,8,3.014285714,1.4,2.6,2,0,4.8,4.8,3.8,2.8,1.4,4.4,3.4,2,4.2,4.6
534,19,3.385714286,4.4,5,1.8,4.4,0.2,4.6,3.6,1.6,1.8,2.8,4.2,4.4,3.8,4.8
535,16,2.185714286,2.8,0,0,4.2,4.2,0.4,3.4,0.6,1.2,5,3,2,1.2,2.6
536,16,2.585714286,0.4,2,4.8,3.8,4,1.8,1.4,3,2.2,4.6,4.8,2,0,1.4
537,16,2.742857143,4.4,0.4,2.2,1.8,3,3,4.2,2.8,3,4.4,2,0.4,4.6,2.2
538,9,2.957142857,4.4,2.4,3.2,0.8,5,3.6,3.2,3.4,0.6,4.6,4.6,4.8,0.6,0.2
539,18,2.671428571,3.4,0.8,3.8,4.2,1.6,1.4,0.8,0.2,0.4,3.6,5,2.6,4.8,4.8
540,12,2.628571429,0.8,2.2,0.2,5,4.4,3.6,2.8,5,3.8,1.4,2.4,0.8,3,1.4
541,18,2.971428571,2.2,4,2.6,0.4,4,2.2,3,5,4,2,3.8,2,2,4.4
542,11,1.885714286,2.6,4,1.6,2.4,1.2,0.8,2.4,0.8,2.8,1.8,0.2,2.4,0.4,3
543,13,2.214285714,1.8,3,4.2,2.6,2.6,3.6,2,2.2,0,0.6,1,4.8,0.2,2.4
544,12,2.671428571,3.8,3.4,3.8,4.8,0.2,0.4,3,0.2,2.4,0,3.8,2.2,4.6,4.8
545,6,2.6,2.8,4.8,0.2,1.8,3.4,1.8,3.8,1.2,4.2,2.8,4.2,1.4,1,3
546,7,2.6,2.2,4,2,0.4,1.8,4,1,4.2,3.4,1,1.4,4,4.4,2.6
547,17,2.028571429,3.4,1.6,2.6,4.2,1.4,1,5,1.6,1.8,2.2,1.8,0.2,0.2,1.4
548,6,2.014285714,0.2,0.2,4.6,2.8,1,4.4,0.8,0,1.8,1.6,4,1.6,3.4,1.8
549,16,2.842857143,2,3.2,3.6,3.4,1.2,4.8,1.4,2,0.8,4.2,2.6,2,4.6,4
550,20,2.514285714,1,0.8,1.4,1.2,4.8,2.4,4.2,4.4,2.2,2,2.8,1.4,4.8,1.8
551,12,2.142857143,3.8,2,0,2.6,4.2,2.6,4.8,0,0.6,1,4.6,2.6,0.6,0.6
552,17,3.628571429,1.8,0.8,3.4,4.8,5,2.8,2.2,4.8,3.4,4.6,4.8,2.4,5,5
553,15,2.9,1.4,3.6,2.8,4.6,2.4,2.6,2.6,2.2,3.6,3.8,1,4.4,4.4,1.2
554,17,2.671428571,4,2.4,2.4,1.4,2,3.6,2.8,4.4,4,0.2,0.4,3.8,2,4
555,6,2.428571429,1.8,2.8,2.4,1.2,1.6,4,0.4,2.2,2.6,2.6,1.2,3.8,4.4,3
556,14,2.757142857,2.8,0,4.6,1.8,4.2,3,2.4,1.6,4.6,0.6,2,4.4,2,4.6
557,18,1.871428571,5,0.6,4.4,0.4,4,2.2,2,0.8,0,3.8,0,1,0.6,1.4
558,19,2.357142857,2,1.4,0.8,0,4.4,1,4.8,0.4,0.2,3.6,3.2,3.4,4.8,3
559,16,2.528571429,2.8,0.4,2.6,4.2,0,2.8,4.2,1.4,3.4,4,0,3.8,1.6,4.2
560,8,2.157142857,0.6,0.6,4.6,4.6,1.2,1.8,2.2,4.8,1.6,3,0.6,1.4,0.6,2.6
561,14,2.1,1,2.6,4.4,3,2,0.8,0.2,0.4,2.6,2.2,4.8,1.8,2,1.6
562,10,2.485714286,2.8,3.6,4.8,0,0.8,0.4,3.2,2.8,4.8,2,3.6,0.4,2.2,3.4
563,18,3.071428571,5,2,3.4,2,2.2,4,0.2,2.4,2.8,4.8,4.4,5,1.8,3
564,6,2.585714286,1.8,1,4.2,2.6,1.2,4.6,3.2,3.4,2.2,2.2,2.2,2.8,3.6,1.2
565,15,3.042857143,2.4,4.2,3,3.2,0.8,4.8,4.6,1.2,4.2,3.6,3.8,1.6,4.2,1
566,12,1.728571429,3.2,2.2,0,0.2,0.4,1.6,3.8,1.4,3.2,2.4,2.2,1.4,0.6,1.6
567,6,2.7,2.8,3,4.8,0,2.4,0.4,0.2,3.2,5,2.2,3,4.8,1.6,4.4
568,19,2.471428571,1,1.4,5,2.8,2,1.6,4.2,5,1.4,3.6,0,2.2,0.4,4
569,10,2.7,3.6,2.6,4.2,1,3.2,4.2,3.4,1.4,2.6,4.6,0.2,1,4.8,1
570,13,2.871428571,3,1.8,1.8,3,3.6,2.4,4.2,2.8,4.6,1.6,0.8,1.6,4.2,4.8
571,12,2.185714286,1.2,4,1.6,4.6,5,2,3.2,2.6,0.8,1.2,0.2,0.2,2.2,1.8
572,9,2.728571429,5,3.6,5,3.4,4.2,0.6,0.8,2.6,0.6,1.6,2.2,3.6,2.2,2.8
573,15,3.285714286,4.4,3.2,4.4,0.8,1.8,3.8,4.6,4.6,3.8,0.6,4.4,4,1.2,4.4
574,8,2.114285714,2.8,2,1.4,1.6,1,3.6,2,2.4,0.6,3.2,0.6,1.8,3.4,3.2
575,16,2.571428571,2.4,2.8,3,3,0.4,3.4,4.8,1,2,2.2,2.8,2.4,1,4.8
576,16,2.214285714,1.8,2.2,0.8,1.8,1,4.4,2,2.4,1.8,0,3,2.4,4.4,3
577,15,2.757142857,2,0.2,3.4,0.8,0.2,4.6,1.8,1.2,4,4.4,4.2,4.8,2.6,4.4
578,12,2.5,0.8,4,2.6,3.4,1.8,4.6,2,3.2,1,0.4,1.6,3.4,4.2,2
579,7,2.3,3.4,1,1.2,2.8,4.4,0.8,1.4,1.8,3.4,2.6,2,4.2,1.4,1.8
580,8,2.471428571,0.4,3.2,4.6,0.8,4.8,3,2.2,2.6,0.2,2.4,2,4.2,0.4,3.8
581,17,1.928571429,1.2,0,0.2,3,4,4,0.2,1,0.4,2.8,3.6,2,2.2,2.4
582,19,2.942857143,2.8,4.6,3,0,4.4,5,0.8,2.6,1.2,5,4.2,4.4,0.8,2.4
583,9,2.614285714,4.2,1.2,4.8,2.2,4.2,0.2,2,1.6,4,3.2,2,0.6,2.4,4
584,19,2.714285714,2.6,4.2,2,1.6,4.8,1.6,4.2,1,4.2,2.2,2.6,1.4,0.8,4.8
585,9,2.214285714,0.6,3.6,4.8,0,2.8,0.4,3.4,5,1,1.4,1.6,2.2,4,0.2
586,13,2.214285714,0.4,3.6,2.8,4.6,1.6,0.6,1.4,2.6,0.4,2.4,2.8,2.6,2.2,3
587,12,2.357142857,1.8,4.2,1.8,3.2,2.4,3,3.6,0.4,0.8,2.8,0.8,0,4.4,3.8
588,20,1.942857143,4.8,0.4,0.2,3.6,3.2,0.8,3,1.4,3.8,0.8,4,1.2,0,0
589,8,2.8,0.6,3.8,3,5,4,3.2,0,1.6,2.6,1.2,4.6,1.2,3.8,4.6
590,20,2.457142857,3.6,4.4,2.4,1.8,2.2,3.8,3.2,1,3.2,0.4,0,4.2,1,3.2
591,7,2.314285714,3,3.2,2.4,2.2,0.2,0.2,3.8,3.8,2.8,1.8,1.2,2.4,4.4,1
592,13,2.271428571,4.8,2.2,1.4,3.2,2.2,2.4,0.4,2.6,2.4,4,4.6,0.2,0.4,1
593,17,1.714285714,0,2.4,1.8,1.8,0.8,3.2,0.6,2.2,1.2,4.4,0.6,1.4,3,0.6
594,6,3.071428571,4.6,4.6,2,5,1.6,1.6,3,1.8,3,4.8,3.2,5,0.6,2.2
595,9,2.214285714,0.8,1.4,3.6,3.2,0.6,4,1.4,3.8,2.4,2.2,1.8,2,2.8,1
596,7,2.5,3.6,3.8,4,1,2.4,2.2,3.8,0.8,1.6,0.6,4.2,0,4.6,2.4
597,7,2.6,4.8,1.4,5,0,1,4.2,4,2.6,0.6,5,3.2,0.2,0.4,4
598,15,2.985714286,1.8,4.2,2,4.2,0.2,2,0.8,4.6,4,2.4,4,2,4.8,4.8
599,8,2.6,1.6,1.6,4.4,3.4,4.4,3.2,1.4,0.4,4.4,2.6,3.8,1,2.8,1.4
600,17,2.214285714,4.8,1.8,4.2,0.8,5,0,1.6,0.2,4.4,3.6,1.4,2.4,0.2,0.6
601,7,2.728571429,3,3.4,2,5,2,3.8,1.8,2.4,1.6,0,3.4,5,2.4,2.4
602,16,2.542857143,2.2,3,3.8,1.2,3.4,1.2,4.2,5,1.4,0.4,3.6,1.2,4.8,0.2
603,5,2.871428571,4.4,2.6,4,2.2,0.8,4.4,2.6,3.4,2.2,3.6,0.6,3.4,1.2,4.8
604,18,2.557142857,0.4,2.4,2,0,0.4,5,0.8,5,4.8,1.8,2.2,5,2.2,3.8
605,15,2.642857143,4.4,3.8,0.8,4.8,0.8,0.8,2.2,3.6,3.6,3.4,2.6,2.6,0,3.6
606,10,1.9,3.4,0,0.6,2.6,3.4,0,1,1.8,1,4.4,0.6,1.6,4.2,2
607,5,2.271428571,0.8,3.8,3.6,4,1,4.4,1,2.8,0.2,2.8,4.4,0.8,0.2,2
608,18,2.742857143,4.2,3.6,4.2,3,3.6,2.8,1,4.8,0.8,0.4,4.2,1.8,3.4,0.6
609,13,2.571428571,3,0,3.6,3.4,0.6,0.6,2.4,0.6,4.6,2.8,3.6,4.2,3.8,2.8
610,15,2.871428571,0.2,2.8,1.6,4,4.4,0.6,4.8,2,3.2,3.6,1.8,2.2,4.4,4.6
611,13,2.457142857,0.6,3,2.2,4,1,1,2.6,4.4,1.8,4,0.8,1.8,3,4.2
612,19,2.242857143,0.2,3,2,1.6,4,2.4,2,2,4.8,0.8,3.4,0.2,2.4,2.6
613,18,2.871428571,1,1.8,3.8,1.2,1.4,1,4.8,4.6,4,2.6,4.6,2.6,2.4,4.4
614,13,2.842857143,0.2,1.4,3.2,4.4,3.8,3.8,0.2,5,2.2,2.4,4,3.6,3.4,2.2
615,5,2.414285714,4,1.6,1.2,2.4,4,1.2,1.4,0.4,4.6,2.2,5,0.8,3.6,1.4
616,19,2.214285714,2.8,1.8,0,2.6,3,2,1.8,0.4,4.4,2.8,2.6,3.6,0.6,2.6
617,19,2.257142857,4.2,1.8,3.4,0.6,0.8,1.4,1.4,1.8,4.4,2.6,4,0,4,1.2
618,6,2.385714286,3.4,2.6,4,2.2,4.6,1.8,0.6,3.2,1.6,0.2,4.4,1.8,3,0
619,17,2.871428571,4.6,2,0.4,1,4,5,0.8,2.2,3.8,4.2,2,2,4.2,4
620,20,2.428571429,1.4,2.4,2,2.4,4,1.6,0.6,3,1.6,4.8,4.4,3,1,1.8
621,5,2.342857143,4.8,4.4,4.4,3.4,3.6,1.4,0,2.8,1.4,0.4,0.2,0.8,0.4,4.8
622,12,2.528571429,1.2,4.4,3.4,3.4,1.4,4.4,0.4,3.6,0.8,0.2,2,2.6,3,4.6
623,10,1.328571429,3.6,2.4,3,0.6,0,0.2,4,0,1,1.8,0,0,0.6,1.4
624,7,2.228571429,3,1.2,2.8,1.4,3.6,1,1,2.8,3.2,3.6,3.4,3.2,0,1
625,17,2.985714286,1.4,3,0,2.4,3.6,2.2,4.4,3.8,4.4,2.8,4.4,4.2,3.6,1.6
626,20,2.671428571,2,2.8,3.6,2.2,4,1.6,1.6,0.2,0.8,4.6,4.8,0.6,4.4,4.2
627,10,2.257142857,1,3.2,0.6,2.6,3.2,4.4,0.4,0.6,5,3.8,3.4,1.8,0.8,0.8
628,17,3.485714286,2.6,4.2,5,3.6,3.8,4,4,2,4.2,2.2,3.8,4.8,0.2,4.4
629,14,2.057142857,1.8,2.8,2.8,1.4,3.2,3.2,1,2.2,1,4.8,1.8,0,1.2,1.6
630,12,1.957142857,0,4,0.4,0.4,2,3.6,2.4,2,1,2.2,0.4,0,5,4
631,18,2.914285714,4.2,1.6,0.2,4.6,2,2.2,3.6,4.4,4.4,3.6,4.2,2.8,1,2
632,15,1.985714286,1.4,2.8,2.4,1.4,4.6,2,0.6,2.8,2.6,1.8,0.2,1,0,4.2
633,16,2.085714286,2.2,1,2,1.4,3,1.4,0.6,4.8,1.6,2.6,1,1.4,3.4,2.8
634,8,3.085714286,2.6,0.2,2.6,0.4,3,3.8,5,1.4,4.2,3.6,3.6,3,5,4.8
635,18,2.542857143,1.8,3.6,2.4,2,2.2,4.2,4,2.2,1.2,1.8,3.8,0,5,1.4
636,15,2.185714286,3.8,2.8,2.8,1.2,4,2.4,2,0.2,3.8,0.4,4.2,1,2,0
637,8,2.042857143,1,0.2,4.2,0.2,4.2,1,3,2,0.8,0.6,4.8,2.6,0.4,3.6
638,9,1.414285714,2.8,0.2,1,0.4,2.2,1.2,0,0.8,0.4,5,4.6,0.6,0.4,0.2
639,5,1.657142857,1.4,3.2,2.6,1.6,0.6,0.8,2.8,2.4,1.4,0.6,1.8,1.6,0.8,1.6
640,13,2.542857143,4.6,3.6,0,0.6,1.8,3.8,4.2,1.8,2.8,2,1.8,3.2,2.6,2.8
641,19,2.371428571,2.2,2.4,4,3.8,1.6,0.6,5,2.2,1.6,2,3.2,2.8,1.8,0
642,9,2.928571429,3.8,4.6,0.8,1.2,4,4,1.6,3.4,5,2.8,1.2,0.4,4.4,3.8
643,18,2.857142857,3.6,2.6,0.2,4.2,1.8,4.6,4.2,4.2,2.6,1,0.6,4.8,2.2,3.4
644,5,2.085714286,3.8,4.4,0.8,4,4,0.2,0.2,1.4,2.2,2.2,2.2,1,0.6,2.2
645,11,3.142857143,4,4.8,1.6,2.6,2.6,4.4,4.2,1.6,4.6,4.2,2.4,1.4,2.8,2.8
646,8,2.371428571,3.4,0.8,4,4.2,3.2,0.8,2.4,1.2,0.4,4.4,0.6,1.8,4.6,1.4
647,8,3.342857143,4.4,4.8,0.2,3.6,4,3.6,1.8,5,1.8,4.8,3.6,5,2,2.2
648,6,2.228571429,4.8,4.6,0.6,0.8,2.6,1.8,3.8,2.8,3.8,0.8,0.6,0.2,2.4,1.6
649,11,1.6,1.4,2,3.8,0,0.2,1.4,1,0.2,0,3.4,1.2,4.2,2.2,1.4
650,12,2.071428571,1.2,4.8,0.4,1.8,4,0.2,0.2,2,4,1.2,0.2,0.4,4.6,4
651,20,2.514285714,3,1.4,3.4,2.4,2.2,3.2,2,0.6,3.4,0.4,2.4,5,2.4,3.4
652,19,2.871428571,4.8,0.4,3,4.8,2.6,3.2,2.2,1.2,0.8,5,4,1,4.6,2.6
653,7,2.8,5,2.8,1.6,4.8,5,3.4,0.8,2.4,2.8,1.8,1,0.8,3.4,3.6
654,12,2.957142857,4.6,3.8,4.2,0.4,4.6,4.8,2.6,0.8,4.6,2.2,0.2,0.6,3.6,4.4
655,20,2.914285714,0.2,5,2.4,4.8,3,4.6,0.2,2.6,4.8,3,3,0.8,1.6,4.8
656,14,2.457142857,3.4,3,2.6,4.2,1.6,3.6,1.2,2.8,2.2,0,0.4,1.6,4.4,3.4
657,7,2.5,4,0.4,2.6,1.2,3,0.6,2.6,3,0,4.8,3.2,3.6,4,2
658,14,2.614285714,4,1.4,3.6,4.2,3.8,1.2,2.4,2,4.8,0,2.6,1.4,3.2,2
659,6,2.585714286,3.8,2.8,4.8,1,4.4,0.4,4.6,4.6,2,0.6,2.8,2.2,1,1.2
660,20,2.485714286,0.2,4.2,1.2,2.4,1.4,3.6,2.2,3.4,1.2,4,0.6,3,2.6,4.8
661,8,2.414285714,4.4,4.4,2.8,0.4,1,0.4,2.2,5,1.8,3.6,1.4,4.2,1.4,0.8
662,7,2.785714286,4.2,4.8,4.8,1.8,3.2,1.6,3,2.4,1.6,4.8,3.2,0,1.6,2
663,8,2.071428571,2.4,5,1.2,3.2,1.2,0.2,1.8,4.6,2.4,3,0.8,0.2,1,2
664,15,2.871428571,4.6,4.4,3.4,4.6,0.6,2,2,2,4.8,1.6,2,4.8,0.4,3
665,18,2.428571429,1.8,3.2,2.4,0,4.8,2.6,1.2,4.6,2.8,0.8,4.8,1,1.4,2.6
666,17,3.214285714,1.4,0,1.2,4.8,3.8,4.6,3.4,3,3.8,2,3.6,4.6,4.2,4.6
667,5,2.628571429,0.4,2.4,0.4,4.6,0.2,3.8,4.2,1.8,2.2,5,5,0.4,4.4,2
668,13,2.757142857,1.6,1.6,4.8,3.2,1.4,4.8,2.8,1.2,3.4,2.2,4.2,1.8,3.6,2
669,19,2.271428571,2.8,4,0.8,0.8,2,0,2.2,2.4,3.8,3.4,0.2,3.8,2.8,2.8
670,17,2.985714286,4.4,0.4,4.6,0,1.2,4,4.2,1.2,4.6,3.8,2.2,3,3.6,4.6
671,10,3.414285714,3.2,2.6,1.8,4.2,3.8,4.8,4.4,1.2,3.6,3,4.6,4.2,2.4,4
672,16,1.828571429,1.4,2,3.2,0.6,0,2.2,0.8,2,3.8,0.8,3.6,1.6,1.2,2.4
673,18,2.814285714,1.2,1.6,3,2,3.2,1.6,4.6,3.4,4.4,4,0.8,3.2,1.4,5
674,8,2.557142857,5,2.4,0.8,4,2,2.8,1.6,4.2,2.2,1,4.2,3.8,0.6,1.2
675,18,1.8,2,0.2,1,1.4,1.6,0.6,5,4.2,2.2,1.4,0.4,0.8,2.6,1.8
676,8,2.885714286,2.6,3.2,0.8,2.8,5,1.4,3,4,2.2,4.8,3.6,2,0.8,4.2
677,5,2.471428571,3.8,4.4,2.2,0,0.4,4.4,5,0.4,1.6,1.6,3.4,2.6,2.6,2.2
678,11,3.285714286,2.8,1.2,4,3.6,4,5,3,5,1,5,4.2,1.2,3.8,2.2
679,11,2.328571429,4.4,3.2,3.4,3,1.4,1.4,3.8,1.2,1.8,3,0.6,4.6,0.6,0.2
680,9,2.328571429,4.8,1.6,2.4,0.2,0.6,3.6,0.4,2.2,4.2,2.6,2.8,0,3.4,3.8
681,5,2.471428571,4.4,2,0.4,0,4.6,2.2,2.6,1.8,0.8,4,0.8,3.2,2.8,5
682,12,2.585714286,2.8,2.8,5,0.4,2.8,3.2,3.4,2.6,1.4,3.4,4,1.2,2.4,0.8
683,13,2.385714286,0.2,1,2.6,1.8,5,1.8,5,3.2,0.6,4,2.2,0.6,2.8,2.6
684,20,2.642857143,4.8,3.2,3,1.6,1.8,4.6,4.6,1.6,1.8,3.4,2,1.4,0,3.2
685,10,2.557142857,3,1,4.4,0.4,0.2,2.2,2,0.6,5,5,3.6,4.4,2.4,1.6
686,14,2.414285714,4.2,1.8,5,2.4,1.4,0.8,1.4,3.8,0.2,5,3,2.6,1.8,0.4
687,20,3.271428571,5,3.6,2.8,3.6,1.8,4.4,0.8,3.4,3.4,5,3.8,1.8,4.2,2.2
688,8,2.471428571,4,1,0.2,2.4,4,2,3,1.6,4,1.4,4.4,3.8,0.2,2.6
689,8,2.185714286,2.6,2,0,4.2,2.4,1.8,3.8,2.6,2.2,2.6,2.6,2,0,1.8
690,12,1.985714286,0.4,3.8,2.2,0.6,3.2,0.8,2.2,1.4,1.2,2.4,0.8,4.6,3.6,0.6
691,19,2.257142857,0.2,2,2,1.2,3.8,4.6,0.2,4,1,3.2,1.8,0.4,3.4,3.8
692,10,1.771428571,2.2,4.4,0.2,0,0.6,0,3.2,2.8,0.8,1.4,2.4,2.4,3.4,1
693,14,2.871428571,5,4.8,1.4,1.2,2,4.2,5,0.8,1.4,2.6,0.4,4.6,2.4,4.4
694,9,2.214285714,3.8,2.4,3.8,1,1.2,2.4,3.6,3.6,0.6,3.2,1.2,0.4,0.8,3
695,7,2.071428571,0.6,2.8,1.8,2,4.2,0.6,0.6,3.4,1.2,2,2.8,2.4,3.8,0.8
696,10,2.514285714,0.8,1.6,0.6,3.8,2.4,4.6,4.2,0.4,3.4,4.6,0.8,1,3.2,3.8
697,9,3.014285714,5,3.8,1.4,3.6,3.8,0.8,3.6,2.4,3.6,4,3.2,1.8,1.2,4
698,6,2.814285714,3.8,2.6,1.8,4.4,1.6,4.4,1.2,3.2,1.6,4.4,3.2,2.8,2,2.4
699,8,2.7,0.2,0,4.6,2.6,2.4,2.2,1.2,3.6,5,2.8,3.2,3.6,2.6,3.8
700,9,2.742857143,4.6,0,0.4,1.6,4.8,4.4,4.8,1.8,4.2,4.2,0.6,1.8,3.4,1.8
701,8,2.171428571,3,2,0.2,0.4,4.2,0.4,4,3.2,4,1.8,2.8,2.4,0,2
702,13,2.685714286,0.6,0.2,4.6,3.6,2.8,3,3.4,2.2,2.4,5,4.6,3.2,0.8,1.2
703,8,2.857142857,4.4,4.8,0.6,4.2,1.2,4.2,1,3.6,4.6,1.8,4,3.8,0.2,1.6
704,19,2.642857143,0.8,2.6,4.4,4.4,2.6,1.8,2,4.6,1,2,2.4,3.4,1.2,3.8
705,5,3,4.8,4.8,3.2,3.4,3.4,3,3.2,3.4,0.2,0.2,3.4,3.6,2.8,2.6
706,8,2.671428571,2.6,0,4,2.2,3.6,4,1.4,4.2,0.6,1,2.8,3.6,3.2,4.2
707,10,2.771428571,4.8,2.4,2.2,4.6,2,4.6,1.4,3.2,1.4,0.6,3,4.6,2.4,1.6
708,19,1.742857143,3,2.8,0.2,4.6,1.4,4.4,1.4,0.4,0.4,1.2,0.8,0.4,2.4,1
709,10,3.057142857,2.4,1.2,4,2.8,2,1,0.4,4.2,4.2,4.8,4,4.6,3.8,3.4
710,6,3.042857143,3.2,4.8,2,4.8,4,4,1.2,1.6,1.8,4.2,1.6,3.6,2.4,3.4
711,20,2.128571429,1.2,0.6,3,5,3.6,1.4,0.8,4.6,0.6,4,2.6,0.6,1.6,0.2
712,9,2.185714286,1.2,0.2,5,1.6,1.6,0.6,3,3.6,0.6,4.2,0.6,2.8,1.4,4.2
713,20,2.5,3.8,1.6,4.2,3.4,1.8,4,3.4,2.2,0,2.6,0.8,1.4,0.8,5
714,19,2.1,0.2,0.2,3.2,5,3.6,1.8,1.4,1.2,3.2,4.6,1,1.4,0.8,1.8
715,19,2.742857143,1.6,0.6,4.2,2.8,4.2,0.4,1.6,3,3.8,3.2,3.6,3.8,2.8,2.8
716,8,2.657142857,2.8,3,4.2,4.4,4.4,1.4,0.8,3.4,0.4,3.2,2.8,0.8,5,0.6
717,12,1.971428571,1.6,4.4,2,5,2,1.8,0,0.2,1,2.2,0.2,2.6,2.6,2
718,15,1.985714286,2,3.2,1.8,0,3.4,1.8,0.8,1.4,4.8,3.6,1.8,0.8,0.6,1.8
719,6,2.2,3.4,0.4,3.2,3.6,1.8,2,2.4,3.6,3,4.6,0.2,0.8,1.2,0.6
720,19,2.228571429,1.8,3,0.4,1.8,3.6,0.2,3.8,2.2,2.2,2.4,2.2,4.8,0.4,2.4
721,15,2.442857143,1.8,1.2,5,1.2,2.6,0.6,2,2.6,0.8,5,2,0.6,4,4.8
722,6,3.385714286,3.2,4.8,4.6,3.8,2.8,2.2,3.8,3.8,3.2,4.8,1.8,0.6,4,4
723,12,2.828571429,0.4,1,1.6,3.2,4.8,4.6,5,0.4,2.4,1.4,3.2,3.6,3.4,4.6
724,7,2.714285714,5,0.2,0.2,1.8,0.6,4.4,4,2.4,1.4,2.4,2.6,4,5,4
725,17,2.614285714,4.6,4.2,0,4,2.4,4.6,4.8,2.8,4.8,0.6,1.6,0.8,0,1.4
726,13,2.628571429,1.4,2.6,5,1.4,0.4,0.4,4.6,4.2,4,2.8,0.8,1,5,3.2
727,7,2.571428571,3.6,1.6,1.6,2.6,1.2,5,2.4,0.4,4,1.4,4,1.4,2.2,4.6
728,12,2.471428571,4.4,2.2,4,4.6,0.8,1.2,2,0,1.8,3,1.4,5,3.2,1
729,20,2.328571429,2,2,2.8,0.4,0.2,2,3,1.2,1.2,4.4,4.4,2.8,2.8,3.4
730,14,1.885714286,0.6,0,1.8,1.4,3.8,2.2,0.6,2,1.4,1,3.8,4,3.6,0.2
731,18,2.328571429,1.6,3,0.4,2.8,4.2,2,0.2,4.2,3.4,4.6,1.6,2.8,0,1.8
732,18,3.014285714,5,3.4,3.8,3.6,4,2.2,3.8,2.6,1,4,0.6,4,1.2,3
733,20,2.7,1,3.2,5,2.4,0.6,3.2,2.4,3.6,4.6,1,2.6,3.4,1.8,3
734,13,2.028571429,1.6,0.2,3,3.8,1,1.6,0,1.8,3.4,0.4,0,2.6,4.6,4.4
735,14,2.128571429,0.4,1.8,0.8,1.4,2.4,3.8,1,0.6,1,3.2,2.2,4.4,1.8,5
736,10,1.9,2.6,3.8,0.4,1.8,3.2,2.8,1.4,0.4,2.8,1.4,1.4,2.4,0.8,1.4
737,10,2.914285714,3.2,3,2.4,4.6,2.4,3.8,4.6,2.8,1.4,3.6,2.8,2.8,1.4,2
738,5,2.671428571,1.2,4.8,2,3,4.2,3.2,4.2,1.2,0.2,0.4,4.8,3,1.6,3.6
739,14,3.142857143,0.2,3.6,4.8,3.4,5,4.8,3,1,4.8,4.4,4.6,0.2,0.2,4
740,10,2.742857143,1.4,4,3.8,2.4,0.8,3.2,3.8,4.2,2,3.4,4,4,0,1.4
741,11,2.514285714,0.6,0.4,0.4,2.6,3.2,2.4,2.8,2.6,3.2,1,3.8,4.6,4.2,3.4
742,15,1.971428571,3.4,2.2,1.8,1.2,4.8,4.4,0.4,0,3,0.8,0,2.6,0.8,2.2
743,7,2.042857143,2.8,3.2,0.6,2.4,0,2.4,3.4,5,3.8,0.6,0.8,0.4,1.8,1.4
744,12,2.585714286,2,2.6,2.6,2,4,0,2.4,4.8,4.2,4.2,3.8,0.6,2.8,0.2
745,6,2.371428571,0.4,3.2,0.2,2.8,4.6,0.2,4.8,3.4,3.4,0.2,2.8,2.6,1.6,3
746,16,2.514285714,2,3.8,0.4,4.6,3.2,4.2,0.8,2.2,1,2,1.6,3.8,3.2,2.4
747,16,2.471428571,0.8,1.8,4.8,0.8,0,3,4.2,1.4,3,2,4.2,4,0.6,4
748,13,2.357142857,1.8,2.6,1,0.2,2.6,4.6,1.4,4.8,2.6,2.6,0.4,1.2,2.8,4.4
749,9,1.985714286,0,0.6,0.4,4,3.2,3.4,4.8,1,3.6,0,1.6,3.2,1,1
750,15,3.3,4.6,4.8,4.2,0.4,2.6,4.4,5,2.4,1.4,3,3.6,4.2,1,4.6
751,16,1.942857143,1.6,0.2,0.6,2.4,4.4,1,5,1.4,1.2,0.6,1.6,0.2,3.4,3.6
752,18,2.857142857,4.8,2.4,3.2,2.4,0,2.2,4.8,3.8,1,3.8,0.8,2.2,4.4,4.2
753,16,2.942857143,0.6,1,2.6,4.4,4.6,2,0.2,4.6,4.4,4,3.6,1.4,2.8,5
754,9,2.742857143,1,0,3.6,1.6,4.8,4.8,4.2,0.4,4.6,3,3.4,1.6,4.4,1
755,6,2.328571429,1.2,1,3.2,4,2.6,4.6,2.4,3,1,3.2,0.4,2.8,2.2,1
756,15,2.2,3.8,4.2,0.2,0.2,2.8,2.2,5,1,0.6,0.2,5,0.6,2.6,2.4
757,19,2.857142857,4.8,2.4,1.6,4.6,3.4,3,1.6,3,1.2,2.8,4.8,1.4,1.8,3.6
758,18,3.414285714,2.2,0,4.8,5,3.2,5,2,3.8,3.6,4.2,1,4.2,4.8,4
759,14,2.014285714,2.6,4.4,0.2,2.4,0.2,1.8,0.8,0.2,2.6,1.4,4.6,0.6,3,3.4
760,15,3,4.4,1,2.4,3.6,2.6,4.6,2.4,4.6,2.4,4.6,1.6,4.6,1.4,1.8
761,7,2.785714286,0,4.6,1,1.6,3,3.8,1.6,1.6,5,3.8,4.6,3.4,2.4,2.6
762,13,2.671428571,2.4,4.6,5,3.4,4.2,1.6,0,4.6,2.8,1.4,0.6,2,0,4.8
763,16,2.828571429,3.6,3.2,1.8,4.4,4.2,2.4,4.4,5,1.2,4.8,2,0,0.4,2.2
764,11,2.085714286,3,3.8,1.4,3,2.8,0.8,0.4,1.2,2.2,4.6,1.4,3.2,0.4,1
765,5,2.057142857,0,4.8,2.2,0.8,2.8,2.6,3.6,4,0.8,1.6,0,2.6,1.8,1.2
766,19,2.342857143,0.6,4.2,3.2,1,2,0.2,2.2,2.6,4.2,4.4,4,2.2,0.6,1.4
767,6,3.328571429,2.8,4.6,2.4,3.8,5,2.6,0.6,4.6,4.8,4.2,3.4,3.2,2.2,2.4
768,13,2.457142857,1.6,1.2,0.8,2.2,1.4,3.8,4.6,1.8,5,0.8,4.8,1.6,3,1.8
769,9,2.771428571,4.8,4.8,4.4,1.8,0.4,0.6,2.6,2.2,1.4,5,0.8,2.6,4.8,2.6
770,7,2.828571429,2.8,2,2,5,5,3.6,4,4,2.4,3.4,3,0.4,1,1
771,11,2.314285714,1,4.6,2.6,4.6,1.8,0,4.6,0.2,1.2,0.6,0.2,4.2,2.2,4.6
772,6,2.114285714,4,3.2,2.8,0,4.2,1.6,1,2.4,2.2,1.6,3.8,0.4,1.8,0.6
773,20,2.642857143,1.2,1,2.2,4.4,0.6,3,4.4,2.2,3.8,1.4,3.8,1.2,4.6,3.2
774,11,3.028571429,1.2,1.2,3.6,4.6,4.6,2.8,3.8,4.2,2,1.6,3.6,2,5,2.2
775,8,2.671428571,2,0,4.8,5,4,3,3.6,5,2.4,3,0.4,3.6,0,0.6
776,14,2.1,4.6,3.2,2,0,0.8,1.4,2.2,0.4,1.2,4.8,3.2,1.6,1,3
777,19,2.614285714,4.6,1.4,2.2,1.4,2,4.4,3.8,0.8,2.2,1,0.6,4.4,2.8,5
778,9,2.6,1.4,2.8,4,3,0.6,2.4,0.2,4.8,3.2,1,1.4,4.8,3.6,3.2
779,9,1.857142857,0,4,0.4,2.6,1,4.4,1.2,3,0.8,1.6,3.8,0,1.6,1.6
780,20,2.257142857,1.2,3,0,2,4.4,2.8,1.4,4.6,4.6,0.8,1.6,5,0,0.2
781,11,2.614285714,3.8,4.8,4,3.6,4,2.6,2.2,1.2,4,0.8,0.2,3.2,1.4,0.8
782,11,3.057142857,5,3.2,4.6,3,2.2,3.8,1,0.6,5,2.2,4.6,3.6,2.6,1.4
783,13,2.457142857,1.4,0.2,1.2,4.8,1,3.6,1,3.8,3.4,2.4,0.8,2.6,5,3.2
784,7,2.585714286,3,1.8,4.8,2.6,2.4,1,4.4,0.8,2.8,2.6,2,0.2,4,3.8
785,11,2.714285714,2.8,2.8,3.4,5,0.2,3.8,3.2,2.4,2,3.4,1,5,2,1
786,15,1.628571429,3,1.4,1.2,0.2,2.6,0.2,1.2,2.2,3.2,3.6,0.4,3.4,0,0.2
787,18,1.128571429,0.6,2.4,0.6,0.6,0,5,0.2,0.4,1.8,2,0.2,0.4,0.2,1.4
788,5,2.728571429,0.6,2.8,4.8,0,3.2,4,3,4,2.2,4.4,2.2,3.6,2.6,0.8
789,5,2.428571429,0.8,5,1,2.4,2.6,1.8,4,4.4,1.8,1.2,0.8,5,1.4,1.8
790,12,3.157142857,4.6,2.8,1.2,0,4,4.8,4.2,0.4,2.8,4.2,4,3.6,2.8,4.8
791,8,2.142857143,1,3.4,4.6,4,2.8,2.2,1.8,0.6,1.2,0,0.8,1.8,2.8,3
792,18,2.571428571,1,0.4,4.4,4.6,4.2,0.8,1.4,4.4,1.6,3.2,1.6,5,0.2,3.2
793,5,3.585714286,4.2,4.4,4.8,4.6,2.8,3.8,3.4,1,2.8,4.2,1.8,3.4,4.6,4.4
794,17,1.928571429,4.2,4.8,0,0.6,0.8,0.8,4,1,0.8,0.2,5,1.4,0.4,3
795,8,2.4,2.2,0,4,3.8,4,2.6,3.2,0.4,4.2,3.6,1.6,0,3.8,0.2
796,8,2.785714286,3.4,3.4,2.2,1.2,4.6,4,0.8,4.8,1.2,4.8,2.6,2.4,3.2,0.4
797,9,1.885714286,0.8,0.4,1,3,0.6,1.2,4.6,4,0.2,3.6,0.2,2.6,2,2.2
798,17,2,4.8,1.8,0,3.4,0.8,4.6,1.8,0.2,2.6,2,0.8,0.4,1.6,3.2
799,16,2.114285714,1.6,3.4,0,3.2,0.6,0.8,4.6,0.2,2.4,0.2,3.8,1.6,2.8,4.4
800,7,2.714285714,0.8,1.8,4,4.6,1.8,3.4,2.6,1,3.6,4.4,3.8,1.6,0.4,4.2
801,12,2.385714286,0.8,0,1.2,4.6,3.2,1.4,0,4.6,0.2,3.8,3.6,1.6,4.2,4.2
802,18,2.3,4.2,1,1.6,0.6,2.4,0.2,2.2,2.8,1.6,2.8,0.8,3.4,5,3.6
803,16,2.4,3,2,1.2,4.6,0,1.8,4.6,3.4,1,0,2,0.6,4.8,4.6
804,5,2.771428571,4,1.8,2,4.2,1.4,2.8,2,3.8,1.8,5,2.6,3,2,2.4
805,7,2.671428571,3.6,1.2,4.6,4,3.8,1,3.6,0.4,4.6,4.4,1.8,0.2,0.4,3.8
806,13,1.957142857,0.2,3.2,0.8,0.2,2,1.4,1.2,5,0,1.8,5,3.2,1.2,2.2
807,20,2.114285714,0.4,3.8,1,2,1.2,4.6,0.8,3.2,4.8,1.6,0,2,0,4.2
808,9,2.557142857,0.4,2.8,3.2,2.8,4.6,1.2,4.4,2.4,3.6,1.4,0.8,1.6,2.2,4.4
809,10,2.614285714,2.6,2,3,4.4,2.6,0.4,3.8,2.6,2,4,1.2,4.6,1.2,2.2
810,15,2.314285714,4.4,1,1.6,0.2,4.4,3,3.8,0.8,1,1.2,1,4.4,5,0.6
811,10,2.257142857,4.6,1,2.8,1.2,4.2,1.6,3.2,4.6,0.8,1.4,1.4,0.6,1.6,2.6
812,10,3.314285714,4.8,2.8,1.8,5,4,4.8,3.8,5,5,3,4.6,0,1.6,0.2
813,19,1.685714286,2.6,0.2,2.6,1,0.2,3,4,0.8,0.2,1.6,1.2,0.4,3.8,2
814,13,2.2,4.2,2.2,3,1.6,4.6,0.6,0.8,0,4,0.2,5,4.2,0.4,0
815,17,2.614285714,4.4,1.6,2,3.6,1.4,4,2.4,1.6,4.8,1.2,1.2,1.6,3.6,3.2
816,18,2.871428571,3.2,2,1.2,2.4,0.8,4.2,3,4,4.8,3.8,0.4,2.4,3,5
817,6,2.357142857,4.2,1,0.4,3.4,1.8,2,1.6,4.6,3.6,4.4,0.4,3.6,2,0
818,14,1.928571429,1.2,2.2,0.2,1,2.6,2.2,4,1.2,3.4,1.6,1,0.6,2.8,3
819,19,2.771428571,3,0.6,3,2.6,4.6,1.2,0,4.4,2.6,3,3.6,3.4,4.6,2.2
820,19,2.157142857,0,2.8,1.2,2,3.2,4.4,0.8,2.2,1.4,2,4.8,2.8,1.6,1
821,15,2.671428571,2.2,3.6,0.6,3.8,2.8,1,2,4,0.6,0.4,3.8,3,4.8,4.8
822,18,2.9,3.2,5,1.2,3.4,4.4,1.4,4,0,4,0.4,3.6,4.4,3,2.6
823,19,3.3,5,4.6,1,2.8,4.8,1.2,3.8,1.4,2.6,2.4,4.6,4.4,3.2,4.4
824,9,2.442857143,1.4,3.8,2.6,0,4.4,2.4,1.6,2.4,1.2,0,4.8,2,3.8,3.8
825,16,2.342857143,5,1.2,4.4,0.8,5,0.4,1.8,2.8,2.8,0,2.8,1,0,4.8
826,16,2.214285714,2,1.4,0.8,3.8,0.2,2.6,0,3,2.8,2.2,3.8,2.2,1.2,5
827,5,1.642857143,3.2,3.6,5,1,0.6,2,1.6,0.4,1.4,0.4,0.6,1.2,0.6,1.4
828,19,2.814285714,2.2,4.6,0.2,4.8,4.6,1.6,2.6,2.4,4,1,1.6,4.8,3,2
829,13,2.214285714,1.8,0,1.4,3,1.4,2.6,3.4,0.2,0.4,4.4,4,2.6,4.8,1
830,6,2.514285714,4.8,3.4,1.2,0,3.6,1.2,2.2,1.2,2.6,2.8,1.8,4.8,2.4,3.2
831,7,2.685714286,3.8,4.6,2.4,2.8,2.2,5,2,2.6,1,0.8,2.2,3,4.6,0.6
832,9,2.8,0.2,2.8,0.6,4.8,1.4,5,3.8,1.8,3.8,4.2,1,5,1,3.8
833,18,2.9,4.2,2.4,3.6,4.4,2.8,1.2,3.6,1.2,3.2,2.4,2.6,4.8,2.8,1.4
834,18,1.9,1.6,1.2,1.2,4.6,0,0.2,4,1,0.6,0.2,5,2.8,2.8,1.4
835,20,3.085714286,1.8,4.4,4.4,3.4,4.6,0.4,4,0.4,4.4,0.4,5,2,3.6,4.4
836,5,2.285714286,3.6,0,1,0.2,2,5,1.6,1,2.6,4.6,2,3.4,2.2,2.8
837,6,2.585714286,3.6,1.2,1,2.8,0,3.8,3.8,2,1.6,3,4.2,4,2.2,3
838,12,2.457142857,4,4,5,2,1.8,2.2,3.4,0.8,0.4,1.4,4,2.4,1.4,1.6
839,13,3.257142857,0.8,4,3,4.4,4.8,1,4.6,5,0.2,2.8,1.8,4.6,4.8,3.8
840,19,2.242857143,4,3.8,4.8,1.8,4,0,2.8,0,0.8,1.8,1.2,4.8,1.4,0.2
841,19,2.442857143,1.4,4.4,0.8,1.4,3.6,2.6,3.4,4,3.4,1.2,0,4.6,3.2,0.2
842,8,2.071428571,4.6,3.6,3,0.8,2,2,1,0.2,4.6,2,0.2,1,2.8,1.2
843,10,2.971428571,3.4,1.2,3.2,3,3.2,4.4,0,2,5,2.8,3.6,4.2,1.6,4
844,17,3.214285714,3.4,3,2.4,3.2,1.8,3.4,0.6,4.8,2.8,4,3.2,3.6,4.6,4.2
845,18,2.471428571,2.8,1.6,2,1.6,2.2,0.6,3.4,0.4,4.6,3.2,4,4,1.4,2.8
846,6,2.714285714,0.4,4.6,4.8,3.4,3.2,0.2,0.2,3,3.2,3.4,0.2,4.4,3.2,3.8
847,19,3.085714286,3.4,1.8,1.2,4.2,5,4.4,2.4,3.8,4.2,2.8,1,0,4.4,4.6
848,15,1.742857143,3,2.6,2.2,0,3,0.2,0.8,0.6,4.6,2.2,2,1.4,0.4,1.4
849,8,2.828571429,1.4,0,4.8,5,4.8,1.6,3.2,0.4,0.4,5,2,3.6,3.2,4.2
850,18,1.7,1.6,0,1,3.2,0.2,1.2,0.8,2.2,0.8,5,3.4,2.8,1.4,0.2
851,17,2.328571429,0.4,2.4,0,1.8,4.2,2.2,0.4,3.2,2.4,2.6,4.6,1.4,5,2
852,11,1.785714286,4,0.2,2.2,2.8,0.4,5,1.6,0.6,1,1.4,1,0.8,2.6,1.4
853,12,2.314285714,3.2,0,4.2,1,1.8,0.4,5,1.8,2.8,5,1,5,1.2,0
854,14,2.514285714,3.2,2.6,0,3.8,4.6,3.2,3.2,0,1.8,0.2,4,3.8,1.6,3.2
855,10,1.971428571,3.6,2.4,0.4,0.4,4.4,5,2.2,0.8,2,3.8,0,1.2,0.2,1.2
856,12,1.942857143,2,1.4,1,0,0.4,3.8,1.6,0.4,0.4,1.8,2.6,2.6,5,4.2
857,10,2.242857143,1.8,4.2,3,0.6,0,3.2,2.6,2.6,3,2.8,4.4,0,0.8,2.4
858,9,1.685714286,1,0.4,1.2,2.4,1.8,4.4,1.8,1.2,0,1.6,0.2,1.6,4.6,1.4
859,16,1.985714286,2,3.4,2.4,2,4.6,3.2,0.8,0.6,0.4,2.8,1.4,1.8,1.6,0.8
860,6,1.985714286,1.6,0.2,2.4,1.8,0,4.2,3.6,0.2,2.4,0.8,3.6,1,3.4,2.6
861,18,2.771428571,0.8,4.2,4.2,1,0.4,1.8,5,1.2,2.8,5,4.8,0.8,4,2.8
862,7,2.557142857,1.4,4.2,3,0.6,1.4,4.8,3.6,4.4,1,1.6,0,1.2,4.6,4
863,9,2.228571429,3.4,4.2,0.2,0.4,1.2,2.2,1.2,3.8,0.6,1.8,0.8,4.8,4,2.6
864,14,2.585714286,3,3.4,4.4,5,0.2,4.2,0,1.4,4.8,0.4,3.6,1.6,1.6,2.6
865,15,2.885714286,3,3.8,4.4,2.6,0.8,5,4.8,1.6,2.4,3.4,2,3.6,2,1
866,18,2.271428571,1.8,1.2,3.2,1.6,1.2,4,2,3.6,5,1,2.2,0.2,2,2.8
867,8,2.857142857,5,3.8,0.6,4.8,0.4,1.2,2.8,0.6,4.6,4.6,2.8,2.2,4.6,2
868,8,2.628571429,1,4.2,3.4,3.8,1,4.6,3.2,1.6,2.4,1.2,0.4,4.2,1.8,4
869,19,2.128571429,0.4,1.2,0,2,4,1.8,4.8,1,1.8,4.4,2,0.8,3.2,2.4
870,12,2.371428571,3.6,4,4.4,0.2,2.2,0.4,1.2,3,1.8,4,1.8,1,4,1.6
871,5,2.728571429,3.2,3,0.4,4,0.6,4.4,1.2,3.2,3.2,2.4,3.6,2.8,2.2,4
872,16,2.6,4,1.8,1.8,4,2.2,4.8,4.6,3.4,2.6,3.2,2.4,0,1,0.6
873,6,2.857142857,1.4,1.4,4,0.8,0.4,4.6,4,5,2.2,3.4,4.8,2,2.8,3.2
874,15,2.985714286,2.6,4.8,4,3.8,1.6,2.6,4.4,1.2,0.8,2.6,4.6,3.8,0.2,4.8
875,18,2.842857143,3.4,0.6,1.6,5,2,1.6,4,3.8,2.6,3.6,3.6,2.4,3.8,1.8
876,19,2.1,0,4.4,4,1.2,2.6,0.6,3.2,5,1.6,1,3.8,0.2,1,0.8
877,19,2.171428571,2.8,3,5,1.2,1,0.4,1,2,1.8,1.2,5,1.8,3.6,0.6
878,11,2.528571429,2.8,0.4,1,2.6,3.4,1,4,1.6,4.4,2.4,4,2.8,1.4,3.6
879,9,3.1,1.2,3.8,1.8,2.6,4,4.4,4.8,0.8,4.4,4.6,1.6,4.2,0.6,4.6
880,14,2.6,1.8,3,1.4,2.2,3.4,2,4,3.8,0.2,2.4,4.6,2,1.8,3.8
881,11,2.171428571,1.8,1,1,1.4,0.6,4.4,3.8,1.6,1.4,4,2.8,4.6,1,1
882,18,2.614285714,4.2,1.2,2.4,0.4,4,3.4,3.8,2.6,3.6,1,4.8,0.4,1.6,3.2
883,5,2.385714286,1.2,3.6,1.4,2.4,3.2,4.6,0.6,2.6,2.4,2,1.6,3,3.8,1
884,13,2.085714286,0,3,0.4,2.8,0.6,1.4,0.8,4.8,3,5,3.2,0.8,1,2.4
885,5,2.785714286,0,4.6,2,3.4,2.8,3.8,1.8,3.4,4.4,3,2.8,2.4,2.2,2.4
886,13,3.214285714,4.6,5,2.2,2.4,4.6,4.4,3.6,1.6,3.6,2.8,0.2,3.4,3.4,3.2
887,15,2.828571429,4.2,2,3.4,5,1.8,4.8,1.8,2.4,3.6,2.8,1.2,0.8,0.8,5
888,11,2.857142857,2.8,3.4,3.4,1.2,2.8,4.6,1.8,2.6,4,0.2,4.8,2,4.8,1.6
889,5,2.8,4,2.8,1.6,1,4.4,2.4,4.6,5,3.8,0.2,1.8,4.8,0.2,2.6
890,13,2.471428571,3.8,2.2,1.8,0.4,4.6,2.8,4,3.8,1.8,3.2,5,1.2,0,0
891,15,2.914285714,2.8,4,0.8,1.4,3,3.2,4.4,2.4,3.2,0.4,3.8,4.2,4.4,2.8
892,6,2.7,4.8,2.2,3.4,0.2,4,2.8,1.2,2.2,4.6,2,2.8,4.4,2.8,0.4
893,20,2.242857143,2.2,1.6,2.2,1,1,3,2.8,3.4,1.6,0.2,3,2.8,4,2.6
894,16,2.985714286,3.6,2.2,4.8,0.2,1.4,4.6,2.4,1,4.6,3.2,5,3.6,0.6,4.6
895,18,2.585714286,0.8,1.6,4,4.6,2.8,3.2,2.6,0,0.2,0.2,4.8,3.8,5,2.6
896,13,2.471428571,0.8,2.4,1.8,2.4,3.6,2.8,0.6,4,0.6,4.8,5,2.4,0,3.4
897,18,2.885714286,0.8,4.6,1.6,2.6,2.4,3.6,2.4,2.4,4.6,2.2,3.2,5,0.6,4.4
898,16,2.3,2.6,1.6,0.4,3.8,3.6,3.6,1,4.6,4,0,0.6,0.8,2.2,3.4
899,20,2.742857143,4.4,4,2.4,1.8,4.8,4.2,2,2.4,0,1.4,3.2,3.4,0.4,4
900,8,2.728571429,2.4,3.8,0.4,1.8,1.8,4.6,4.4,3.8,4.4,0.8,3,4.6,1.6,0.8
901,13,2.5,5,1.2,0.8,4.4,4.6,3.6,1.2,0.8,3,2,1.2,1.8,2.4,3
902,11,2.3,0.2,0,0.6,3.4,1.6,1.4,2,1.8,4.4,5,2.8,4,1.2,3.8
903,13,2.714285714,4.8,4.2,0.4,3,0.4,2,0.8,1.2,4.8,4.4,2.6,3.8,2.6,3
904,8,2.442857143,4.2,2.6,0,4.8,1.2,1.8,5,1.4,2.6,3,0.4,3.2,3.4,0.6
905,13,2.457142857,2.6,0.6,2,0.6,0.4,4.8,2.2,1.6,4,3.8,3.4,1.2,4.2,3
906,9,2.485714286,0.6,3.2,1.2,2,2.6,3,4.8,1.6,3.8,4.6,1.8,5,0.6,0
907,10,2.685714286,1.2,0.2,0.6,4.8,4.4,0.6,0.6,3.8,4,4.2,2.8,4.2,3.2,3
908,17,2.271428571,1,5,2.6,2,1.8,4.8,0.4,5,0.6,0,2.4,1.8,0.6,3.8
909,15,2.814285714,2.8,2.2,1.6,0,4.8,3.6,3.8,4.4,1.6,3.8,1.6,0.6,4.6,4
910,16,2.285714286,3.6,2.2,0.2,3.2,2.4,1.2,2,0.6,5,3.4,0.4,2.2,4.4,1.2
911,20,1.985714286,3.8,0,4.8,1.8,0,4.6,3,0.2,2.4,1.6,0.4,3.2,1.8,0.2
912,16,3.228571429,3.8,1.6,3.4,4,2,4.8,4.2,5,3.8,3,3.4,1.8,0.2,4.2
913,8,2.7,3.6,1.8,4.4,4.2,1.4,2.6,1.8,0.4,1.8,3.4,0.8,4,2.8,4.8
914,18,2.385714286,0.4,4.8,0,0.6,0,3.6,2.6,5,3.4,3.6,2,0,4.2,3.2
915,19,2.657142857,3.4,2.4,4.2,4.4,1.4,4.6,1.4,3.4,1.4,0,2.2,1.8,4.8,1.8
916,16,2.542857143,0.8,4.4,4.2,3.6,1.4,4.2,4.4,0.4,2,0.2,0.6,2.4,4.4,2.6
917,9,2.228571429,0.2,0.4,4.8,4,2.2,3.8,1,2.8,2.8,1.6,0.8,2,0.2,4.6
918,15,2.514285714,3.2,1.2,2.4,3.8,3.8,1.8,2.6,1.2,3.6,5,0,2.4,1,3.2
919,20,2.671428571,4.8,1.8,1,4.6,4.2,3,3.6,2.6,0,3.2,0.8,5,0.4,2.4
920,13,2.242857143,2.4,1.6,2.4,2.8,3.8,5,0,4.6,2.4,2.6,1.2,0.4,0.4,1.8
921,6,2.685714286,0.4,3.6,2.4,3.2,3,0.8,4.6,1.2,1,3.6,3.8,5,0.8,4.2
922,19,2.214285714,0.8,1.4,4.2,3,4.2,1.4,1,2.2,5,0.6,4.2,0.2,2.4,0.4
923,5,2.257142857,2.8,1.8,2.6,3.2,1.4,3.2,1,1.6,1,3.2,1.4,3.8,1.2,3.4
924,8,2.228571429,2,3,0.4,5,2,1.6,3.4,1.4,0.4,3.4,1,0.6,4.8,2.2
925,6,2.642857143,0.6,2.8,3.2,0.6,2.8,1,4.4,3,1,3,5,0.8,4,4.8
926,18,2.471428571,2.2,0.8,3.4,1.2,1.4,4.4,4.8,4.2,3.2,2.2,0.2,0.6,1.8,4.2
927,20,2.7,2.6,1.2,3.4,4,1.4,4.6,0,1,5,4.8,4.2,2.6,0.4,2.6
928,15,2.414285714,2.8,1,0.2,1.6,3.8,3,1.2,5,4.4,0.8,0.8,5,2,2.2
929,17,2.914285714,3.8,1.8,4.8,2.6,1,5,2.6,4.2,4.4,1,2.8,2.8,3.8,0.2
930,16,2.857142857,1.6,2.4,4.4,0.8,3.6,2.4,3.6,4.8,4.2,0,4,1.4,4.4,2.4
931,14,2.342857143,2.8,0.6,4.6,1.2,4.4,1.2,1.2,1.4,1.2,2.4,4.4,3.2,3.8,0.4
932,16,2.785714286,2,0,4.6,2.6,1.2,4.2,1,3.2,4.6,4.8,2,5,1,2.8
933,11,1.928571429,3.4,1.4,0.6,1.8,2.4,0,1,3.2,0.2,3,2.6,2.4,0.8,4.2
934,12,2.657142857,1.2,4.6,1.8,4.2,3.8,0.4,2,4.8,0.6,2.2,0.4,3.6,4.4,3.2
935,7,2.985714286,3.6,4.4,1,2.6,5,4.6,1.4,1.6,3.4,3,4.6,3.4,1.4,1.8
936,14,3.128571429,2.8,2.4,0.6,1,2.6,3.4,4.8,2.8,4.8,4.8,4.2,4.8,2.6,2.2
937,5,2.985714286,1.4,1.8,4.8,4.2,3.6,4.4,4.4,1.2,1.8,1.4,0,4.8,4.8,3.2
938,14,2.742857143,3,2.4,4.4,1.6,3.8,0.6,0.8,2.8,3.4,4,1.2,4.2,4.4,1.8
939,17,2.414285714,4.8,2.6,4,0.2,0.2,2,3.8,2.4,4.6,4,3.4,0.2,1.6,0
940,15,2.228571429,2.4,3.6,3,4.8,2.6,1.6,1.4,0.6,0.6,1,2.8,3.6,0,3.2
941,12,3.357142857,2.6,4.2,4,4.6,1.6,0,4,2.2,3.2,4,3.4,4.8,3.8,4.6
942,14,2.357142857,3.8,1.4,1.8,4.4,1.4,1.2,1.6,4,1.6,2.8,1.2,3.6,0.4,3.8
943,9,2.185714286,0,0.6,4.4,3,5,0.2,2.8,3.4,2.6,2.8,1.2,1.6,1.6,1.4
944,8,3.171428571,0.2,4.8,5,0,1,2.4,3.8,5,1.8,4.4,4.4,1.8,5,4.8
945,13,2.285714286,3,0.8,4,3.8,0.8,3.6,1.8,3.4,2,3.4,1.8,0.2,0.2,3.2
946,14,2.728571429,3,3.4,0.2,4.2,3.6,4.2,3.2,0.4,4.8,0.6,3,2,0.8,4.8
947,15,2.228571429,0.2,0.6,4.4,4.8,0.8,0.6,5,3,3.4,4.2,1.6,0.2,0.6,1.8
948,20,2.114285714,2.4,1.8,2.6,2.4,2,1.6,2.4,4.2,0,2.2,3,3.2,0.2,1.6
949,14,2.8,1.4,2,0.6,3.6,2.6,3,4.2,0.6,4.4,2.8,4.4,3,4.6,2
950,12,2.271428571,4.2,0.8,4.8,3.8,0.6,2.4,1.8,0,2.2,1.4,0.2,2.8,4,2.8
951,16,2.385714286,0.2,1.8,4.2,3,1.8,3.2,5,0.8,2.6,2.6,0.4,2.6,1.4,3.8
952,10,2.628571429,4,0.8,0,3.4,0,5,1.2,3.8,3,3,4.2,4.2,2.6,1.6
953,16,2.114285714,3.8,2.6,1.4,3.4,1.4,1.2,0.4,0.2,1.8,4.6,2.6,3.6,1,1.6
954,13,2.585714286,1.6,3.8,4.2,3.2,1.6,0.8,1.8,1,4.8,3.8,3.6,0.4,4,1.6
955,18,2.528571429,3.2,3,1.4,1,5,3.6,0,4.8,4.2,2,0,4.4,2.8,0
956,10,2.142857143,4.8,2,3,2.2,0.2,2.6,4.6,4.6,0,1.4,1.8,0.6,1.6,0.6
957,14,2.771428571,2.4,3.2,3.2,2.2,0.2,1.8,4,5,2,2,4,4.8,4,0
958,8,2.328571429,0.6,2.4,3.6,0.8,4.4,2.8,2.6,0.6,1,5,0.8,2.6,2.8,2.6
959,12,2.242857143,1.2,3.2,2.8,1.6,2.2,3.2,2,2.8,2.6,1.2,1.2,0.4,3.4,3.6
960,14,3.114285714,4.4,4.2,1.2,0.2,5,3.2,4.8,2.6,5,2.8,3,0,5,2.2
961,7,2.514285714,2,0.8,4.8,1.6,4.6,3.8,2.2,3.2,4.8,0,0.8,4,0,2.6
962,12,2.714285714,0.6,3.6,4.6,4.4,3.8,4.8,2.2,0.8,2.6,1.2,4.4,1.2,3,0.8
963,19,2.128571429,3.8,1.4,1.4,0,0.6,4.8,3.6,3.6,2,0,4.2,2.6,1.2,0.6
964,5,2.185714286,2,2,4.2,0.4,4,0.2,2.4,2,3.6,2.4,4.8,0.4,0.2,2
965,19,2.342857143,2.8,0.2,0,4.8,4.4,2.8,0.6,4.4,4.2,3.2,1.6,1.4,1.6,0.8
966,14,2.7,2.6,3.6,0.2,3.4,3,3.2,4.4,1.2,4,3.4,1.6,0.4,2.8,4
967,9,2.485714286,0.2,3.6,3.2,2.8,2.6,1.2,2,0.6,5,3,4.8,2,3,0.8
968,6,2.485714286,1.2,1.6,0.8,3,3.6,2,4.4,0.6,4,0.2,4.8,0.6,5,3
969,5,2.185714286,4.4,5,1.2,2.8,3,0.2,1,1.4,2.6,4.6,1.2,0,2.8,0.4
970,9,3.157142857,3.2,3.8,2.4,3.6,4,3.8,0.4,4,3.8,1.2,3.2,5,2.6,3.2
971,14,2.728571429,3.6,1.2,4,1.8,3,4.4,3.8,2.8,0.6,5,0.4,4.8,1.2,1.6
972,5,1.914285714,3.4,1.4,2.6,1.2,3.2,0.4,2.2,2.6,2.4,0.4,2,2.4,2.2,0.4
973,14,3.228571429,4.2,0.2,4.8,3,4.8,4.8,3.8,4.4,4.4,0,2,3.8,2.4,2.6
974,12,3,3.4,4.6,2.8,4.8,4.6,0.8,3.2,0.8,2.2,4.4,4.4,1.2,1.2,3.6
975,11,2.428571429,4.2,3.2,4.4,3.8,2.2,0,3,3.4,0.2,1.2,0,1.4,2.2,4.8
976,6,1.9,0.4,1.2,1.4,4.2,1.2,4.4,2.4,1,2,4.8,2.2,0,0.2,1.2
977,14,3.242857143,3.6,4.2,2.2,0.4,1,1,5,2.8,3.8,3.8,4,3.8,4.8,5
978,5,2.714285714,3.8,2.4,0.8,1.8,0,3.2,3.6,3.8,3.8,4.8,3.4,2,1.8,2.8
979,5,2.642857143,2,4,2.6,3.6,3.8,2.2,4.4,1,2.2,4.4,0.2,2.2,3.2,1.2
980,18,2.771428571,1.2,3,0.6,3.4,4.4,4.2,4.4,0.4,2.4,4.8,1.8,1.2,3,4
981,8,2.157142857,3,1.2,1,4.6,2.2,2.6,1.6,4.2,1.8,0.8,1.6,1.4,3,1.2
982,18,2.871428571,5,2.6,1.4,3,3.4,2,0.8,3.2,2.8,3,2,5,4.6,1.4
983,9,2.642857143,4.2,0.4,2,4.8,2.2,4.2,3,0.2,2.4,2.4,1.8,1.6,3.6,4.2
984,20,2.814285714,3.2,3.2,5,4.4,4.4,2.4,0,1.6,1.8,0.8,3,4.4,1.6,3.6
985,15,3.242857143,2.2,5,4.2,2.2,3.6,0.6,4.4,3.2,3.8,4.2,2,4.4,2,3.6
986,19,2.957142857,3.2,4,3.6,2.2,4.4,0.6,4.6,2.8,3.2,0.2,4.2,3.4,4.4,0.6
987,20,2.057142857,0.4,3.2,0.8,1,1,1.4,0.2,0.6,4.6,5,1,1,3.8,4.8
988,14,2.714285714,3.2,1,1.8,2.2,3.6,1.8,4.6,5,1.4,4.2,0.8,2.8,1.6,4
989,15,2.3,5,4.4,1.8,0.4,2.8,1.2,0.6,2.4,0,2.4,3,3.8,2,2.4
990,18,2.014285714,1.4,4.8,0.8,0.6,1.4,3.8,1.2,3,2.2,0.8,3.6,1.6,2.2,0.8
991,6,1.942857143,3,2,5,2.6,0,1.4,0.6,1.2,0.2,2,1.6,3,0,4.6
992,19,3.171428571,2.4,5,4.6,4.4,2.4,1.2,4.2,4.6,3.6,2.4,2.8,1.6,3.2,2
993,19,2.4,0.4,2,3.8,0.4,3.4,3.8,1.4,0,2.6,3,2,3.4,2.8,4.6
994,10,2.2,0.6,3.4,5,0.8,0.2,2.6,3,0.6,2.8,0,5,3.6,2.6,0.6
995,19,2.4,3.8,4,3.6,2.2,1.6,0.8,1.4,0.6,1.4,1.6,2.6,1.8,4.2,4
996,10,2.9,0.4,1.6,3.6,1.6,4.4,4.6,1.8,3.8,1.8,5,0.6,3.6,4.8,3
997,19,2.357142857,3.2,1.8,2.4,1.6,3.2,1.4,2,3.2,3.8,2.2,2.8,0.6,3.2,1.6
998,15,2.671428571,4.2,3.8,2.8,4.2,1,2.8,3.8,2.8,2,3.2,0.6,4.6,0.6,1
999,10,2.742857143,1.2,2,1,4,2.8,4.4,0.4,0.8,1,4.4,4.6,4.8,2.6,4.4
1000,13,2.457142857,0.8,2.4,2.4,3.2,0.2,0.2,3.6,1.8,5,4,4.8,2.8,1.8,1.4
